CBSA,State,CBSA Code,Year,Days with AQI,Good Days,Moderate Days,Unhealthy for Sensitive Groups Days,Unhealthy Days,Very Unhealthy Days,Hazardous Days,Max AQI,90th Percentile AQI,Median AQI,Days CO,Days NO2,Days Ozone,Days SO2,Days PM2.5,Days PM10
Aberdeen,SD,10100,2005,122,100,22,0,0,0,0,81,61,33,0,0,0,0,121,1
Aberdeen,WA,10140,2005,365,348,17,0,0,0,0,61,40,22,0,0,0,0,365,0
Adjuntas,PR,10260,2005,107,100,7,0,0,0,0,65,49,20,0,0,0,0,107,0
Adrian,MI,10300,2005,182,104,54,22,2,0,0,179,105,47,0,0,182,0,0,0
Akron,OH,10420,2005,365,143,148,65,8,1,0,202,120,59,3,0,139,142,81,0
Albany,GA,10500,2005,116,53,62,1,0,0,0,107,75,52,0,0,0,0,111,5
Albany,OR,10540,2005,362,298,60,3,1,0,0,152,63,22,0,0,0,0,362,0
Albany-Schenectady-Troy,NY,10580,2005,365,258,87,17,3,0,0,187,80,43,1,0,295,13,56,0
Albuquerque,NM,10740,2005,365,108,231,24,2,0,0,169,95,61,0,2,181,0,29,153
Alexandria,LA,10780,2005,262,184,74,4,0,0,0,119,74,43,0,0,185,0,77,0
Allentown-Bethlehem-Easton,PA,10900,2005,365,131,195,33,6,0,0,166,102,57,0,8,92,62,178,25
Allentown-Bethlehem-Easton,NJ,10900,2005,365,131,195,33,6,0,0,166,102,57,0,8,92,62,178,25
Altoona,PA,11020,2005,364,257,92,15,0,0,0,150,77,41,0,74,184,97,0,9
Amarillo,TX,11100,2005,363,335,28,0,0,0,0,72,46,25,0,0,0,0,363,0
Americus,GA,11140,2005,244,175,65,4,0,0,0,140,80,42,0,0,244,0,0,0
Ames,IA,11180,2005,214,189,24,1,0,0,0,105,51,37,0,0,214,0,0,0
Anchorage,AK,11260,2005,303,252,48,2,1,0,0,151,57,23,107,0,0,0,96,100
Ann Arbor,MI,11460,2005,239,134,91,12,2,0,0,177,96,48,0,0,146,0,93,0
Appleton,WI,11540,2005,245,155,74,16,0,0,0,143,87,42,0,0,169,0,76,0
Ardmore,OK,11620,2005,255,164,73,15,3,0,0,161,87,45,0,0,221,0,34,0
Asheville,NC,11700,2005,362,143,186,32,1,0,0,154,97,55,0,0,149,0,213,0
Ashtabula,OH,11780,2005,362,279,53,23,7,0,0,197,90,34,0,0,207,155,0,0
Athens,OH,11900,2005,61,31,26,3,1,0,0,194,90,50,0,0,0,0,61,0
Athens,TN,11940,2005,358,257,88,13,0,0,0,130,74,29,0,144,0,112,92,10
Athens-Clarke County,GA,12020,2005,364,146,201,15,2,0,0,161,90,54,0,0,102,0,262,0
Atlanta-Sandy Springs-Roswell,GA,12060,2005,365,69,225,54,15,2,0,209,129,68,0,9,119,34,203,0
Atlantic City-Hammonton,NJ,12100,2005,357,260,77,18,2,0,0,161,77,40,0,0,266,16,74,1
Augusta-Richmond County,GA,12260,2005,365,130,204,29,2,0,0,156,97,57,0,0,115,0,249,1
Augusta-Richmond County,SC,12260,2005,365,130,204,29,2,0,0,156,97,57,0,0,115,0,249,1
Augusta-Waterville,ME,12300,2005,213,190,20,3,0,0,0,143,51,33,0,0,183,0,0,30
Austin-Round Rock,TX,12420,2005,365,215,132,15,3,0,0,156,90,46,0,4,194,0,167,0
Bakersfield,CA,12540,2005,365,47,149,90,72,7,0,208,167,93,0,4,206,0,153,2
Baltimore-Columbia-Towson,MD,12580,2005,365,74,228,43,16,4,0,208,119,65,0,14,94,19,238,0
Bangor,ME,12620,2005,238,206,30,2,0,0,0,108,55,34,0,0,170,0,58,10
Baraboo,WI,12660,2005,365,267,87,11,0,0,0,147,75,41,0,0,305,0,60,0
Barnstable Town,MA,12700,2005,233,169,46,11,7,0,0,174,87,42,0,2,175,0,56,0
Baton Rouge,LA,12940,2005,365,70,178,95,21,1,0,201,136,71,0,6,139,95,123,2
Bay City,MI,13020,2005,117,70,42,5,0,0,0,124,77,40,0,0,0,0,117,0
Beaumont-Port Arthur,TX,13140,2005,353,86,201,61,4,1,0,204,115,64,0,0,127,87,139,0
Beaver Dam,WI,13180,2005,365,210,132,21,2,0,0,158,89,46,0,0,211,0,153,1
Beckley,WV,13220,2005,117,61,56,0,0,0,0,94,81,46,0,0,0,0,117,0
Bellingham,WA,13380,2005,365,328,37,0,0,0,0,80,51,28,0,0,92,0,273,0
Bend-Redmond,OR,13460,2005,365,327,38,0,0,0,0,90,52,20,5,0,0,0,351,9
Bennington,VT,13540,2005,340,283,48,9,0,0,0,136,58,40,0,0,286,0,54,0
Berlin,NH,13620,2005,244,152,78,14,0,0,0,140,81,46,0,0,154,0,90,0
Berlin,VT,13620,2005,244,152,78,14,0,0,0,140,81,46,0,0,154,0,90,0
Billings,MT,13740,2005,365,181,169,15,0,0,0,116,86,51,3,1,44,296,19,2
Birmingham-Hoover,AL,13820,2005,365,26,270,59,10,0,0,179,120,75,36,0,50,7,239,33
Bishop,CA,13860,2005,365,170,125,46,9,3,2,3884,133,51,0,0,299,0,3,63
Bismarck,ND,13900,2005,365,316,46,3,0,0,0,119,55,35,0,12,253,70,28,2
Blackfoot,ID,13940,2005,26,24,2,0,0,0,0,62,47,19,0,0,0,0,0,26
Bloomington,IL,14010,2005,364,263,86,15,0,0,0,140,84,39,0,0,331,0,33,0
Bloomington,IN,14020,2005,183,90,70,23,0,0,0,147,108,51,0,0,183,0,0,0
Bluefield,WV,14140,2005,86,43,43,0,0,0,0,96,82,51,0,0,0,0,86,0
Bluefield,VA,14140,2005,86,43,43,0,0,0,0,96,82,51,0,0,0,0,86,0
Blytheville,AR,14180,2005,111,49,57,5,0,0,0,112,82,53,0,0,0,0,111,0
Boise City,ID,14260,2005,365,181,168,15,1,0,0,151,84,51,5,0,138,0,210,12
Boone,NC,14380,2005,118,65,51,1,1,0,0,158,78,46,0,0,0,0,118,0
Boston-Cambridge-Newton,MA,14460,2005,365,112,217,28,8,0,0,195,97,58,0,19,87,33,226,0
Boston-Cambridge-Newton,NH,14460,2005,365,112,217,28,8,0,0,195,97,58,0,19,87,33,226,0
Boulder,CO,14500,2005,364,256,100,8,0,0,0,147,74,44,16,0,307,0,41,0
Bowling Green,KY,14540,2005,365,218,123,24,0,0,0,140,93,46,0,19,252,7,86,1
Bozeman,MT,14580,2005,365,344,18,3,0,0,0,124,39,15,50,0,0,0,302,13
Brainerd,MN,14660,2005,331,253,73,4,1,0,0,152,64,38,0,0,115,0,216,0
Branson,MO,14700,2005,119,81,38,0,0,0,0,95,67,34,0,0,0,0,119,0
Breckenridge,CO,14720,2005,268,248,19,1,0,0,0,108,46,14,0,0,0,0,0,268
Bridgeport-Stamford-Norwalk,CT,14860,2005,365,236,93,20,12,4,0,205,99,44,1,81,157,55,71,0
Brookings,SD,15100,2005,136,109,27,0,0,0,0,83,60,29,0,0,0,0,106,30
Brownsville-Harlingen,TX,15180,2005,360,220,136,4,0,0,0,133,71,46,0,0,93,0,265,2
Brunswick,GA,15260,2005,333,253,79,1,0,0,0,127,62,39,0,0,182,56,95,0
Buffalo-Cheektowaga-Niagara Falls,NY,15380,2005,365,189,124,47,5,0,0,195,109,49,0,72,166,67,60,0
Burlington,NC,15500,2005,118,52,65,1,0,0,0,110,79,54,0,0,0,0,118,0
Burlington-South Burlington,VT,15540,2005,365,298,62,5,0,0,0,143,60,39,1,25,269,0,70,0
Butte-Silver Bow,MT,15580,2005,365,321,41,3,0,0,0,137,53,20,97,0,0,0,110,158
Cadillac,MI,15620,2005,241,169,65,6,1,0,0,151,80,41,0,0,162,0,79,0
Canton-Massillon,OH,15940,2005,355,207,114,30,3,1,0,201,97,45,94,0,166,0,95,0
Cape Coral-Fort Myers,FL,15980,2005,364,304,56,4,0,0,0,140,58,38,0,0,315,0,41,8
Carbondale-Marion,IL,16060,2005,57,56,1,0,0,0,0,51,33,22,0,0,0,0,0,57
Carlsbad-Artesia,NM,16100,2005,365,285,77,3,0,0,0,112,61,42,0,4,330,0,31,0
Carson City,NV,16180,2005,363,340,23,0,0,0,0,87,49,36,150,0,213,0,0,0
Casper,WY,16220,2005,91,91,0,0,0,0,0,41,26,14,0,0,0,0,0,91
Ca?on City,CO,15860,2005,54,54,0,0,0,0,0,31,27,17,0,0,0,0,0,54
Cedar Rapids,IA,16300,2005,365,149,171,45,0,0,0,133,105,56,0,0,92,117,156,0
Centralia,WA,16500,2005,190,186,4,0,0,0,0,61,43,30,0,0,103,0,87,0
Chambersburg-Waynesboro,PA,16540,2005,204,139,57,8,0,0,0,119,87,45,0,0,204,0,0,0
Champaign-Urbana,IL,16580,2005,365,260,96,9,0,0,0,135,80,39,0,0,278,0,87,0
Charleston,WV,16620,2005,365,185,154,24,2,0,0,154,90,50,0,0,122,125,103,15
Charleston-North Charleston,SC,16700,2005,365,165,184,16,0,0,0,140,84,53,0,1,100,13,250,1
Charlotte-Concord-Gastonia,NC,16740,2005,365,93,201,56,14,1,0,206,126,64,0,6,144,16,199,0
Charlotte-Concord-Gastonia,SC,16740,2005,365,93,201,56,14,1,0,206,126,64,0,6,144,16,199,0
Charlottesville,VA,16820,2005,59,59,0,0,0,0,0,36,32,19,0,0,0,0,0,59
Chattanooga,TN,16860,2005,288,126,134,26,2,0,0,185,100,54,0,0,189,0,98,1
Chattanooga,GA,16860,2005,288,126,134,26,2,0,0,185,100,54,0,0,189,0,98,1
Cheyenne,WY,16940,2005,111,111,0,0,0,0,0,43,30,17,0,0,0,0,91,20
Chicago-Naperville-Elgin,IL,16980,2005,365,40,231,68,24,2,0,208,130,77,0,45,77,77,157,9
Chicago-Naperville-Elgin,IN,16980,2005,365,40,231,68,24,2,0,208,130,77,0,45,77,77,157,9
Chicago-Naperville-Elgin,WI,16980,2005,365,40,231,68,24,2,0,208,130,77,0,45,77,77,157,9
Chico,CA,17020,2005,365,213,113,38,1,0,0,159,105,47,0,2,294,0,69,0
Cincinnati,OH,17140,2005,365,98,157,88,19,3,0,208,136,73,0,28,111,166,60,0
Cincinnati,KY,17140,2005,365,98,157,88,19,3,0,208,136,73,0,28,111,166,60,0
Cincinnati,IN,17140,2005,365,98,157,88,19,3,0,208,136,73,0,28,111,166,60,0
Claremont-Lebanon,NH,17200,2005,214,173,37,4,0,0,0,133,64,40,0,0,170,0,44,0
Claremont-Lebanon,VT,17200,2005,214,173,37,4,0,0,0,133,64,40,0,0,170,0,44,0
Clarksburg,WV,17220,2005,119,46,72,1,0,0,0,113,81,53,0,0,0,0,119,0
Clarksville,TN,17300,2005,365,196,135,33,1,0,0,153,100,49,0,0,217,72,76,0
Clarksville,KY,17300,2005,365,196,135,33,1,0,0,153,100,49,0,0,217,72,76,0
Clearlake,CA,17340,2005,361,352,9,0,0,0,0,87,46,35,0,0,355,0,6,0
Cleveland,MS,17380,2005,363,184,163,16,0,0,0,135,86,50,0,0,114,0,249,0
Cleveland,TN,17420,2005,365,319,39,6,1,0,0,200,54,27,0,154,0,181,0,30
Cleveland-Elyria,OH,17460,2005,365,83,162,99,20,1,0,214,134,76,1,12,91,165,73,23
Clinton,IA,17540,2005,365,254,91,19,1,0,0,154,80,38,0,0,176,59,75,55
Coco,PR,17640,2005,318,278,39,1,0,0,0,107,54,17,0,0,0,318,0,0
Coeur d'Alene,ID,17660,2005,365,236,128,1,0,0,0,105,67,44,0,1,124,0,234,6
Coffeyville,KS,17700,2005,365,355,9,1,0,0,0,136,32,15,0,0,0,37,0,328
Colorado Springs,CO,17820,2005,365,256,95,13,1,0,0,151,77,44,3,0,326,0,28,8
Columbia,MO,17860,2005,112,61,49,2,0,0,0,105,72,48,0,0,0,0,112,0
Columbia,SC,17900,2005,365,106,224,31,4,0,0,177,100,61,0,1,98,63,167,36
Columbus,GA,17980,2005,365,150,200,14,1,0,0,156,88,55,0,0,88,3,273,1
Columbus,AL,17980,2005,365,150,200,14,1,0,0,156,88,55,0,0,88,3,273,1
Columbus,MS,18060,2005,99,54,43,2,0,0,0,117,78,49,0,0,0,0,99,0
Columbus,OH,18140,2005,365,196,119,43,6,1,0,201,112,48,10,0,175,37,76,67
Concord,NH,18180,2005,365,197,114,53,1,0,0,164,107,47,0,0,87,230,48,0
Cookeville,TN,18260,2005,121,58,58,4,1,0,0,152,79,52,0,0,0,0,121,0
Corning,NY,18500,2005,340,235,103,2,0,0,0,123,69,33,0,0,0,0,340,0
Corpus Christi,TX,18580,2005,365,226,137,2,0,0,0,113,71,46,0,0,111,15,238,1
Corvallis,OR,18700,2005,362,324,37,1,0,0,0,104,52,15,0,0,0,0,362,0
Crescent City,CA,18860,2005,131,131,0,0,0,0,0,43,23,13,0,0,0,0,117,14
Cullowhee,NC,19000,2005,126,67,56,3,0,0,0,108,74,49,0,0,26,0,100,0
Dallas-Fort Worth-Arlington,TX,19100,2005,365,95,171,59,36,4,0,213,154,65,0,16,166,59,124,0
Dalton,GA,19140,2005,277,179,79,18,1,0,0,151,93,45,0,0,206,0,71,0
Daphne-Fairhope-Foley,AL,19300,2005,254,158,86,10,0,0,0,147,80,46,0,0,170,0,84,0
Davenport-Moline-Rock Island,IA,19340,2005,365,122,214,29,0,0,0,140,93,58,0,0,111,4,157,93
Davenport-Moline-Rock Island,IL,19340,2005,365,122,214,29,0,0,0,140,93,58,0,0,111,4,157,93
Dayton,OH,19380,2005,365,200,125,38,2,0,0,174,101,47,97,0,180,0,88,0
DeRidder,LA,19760,2005,364,299,59,6,0,0,0,122,64,40,0,0,364,0,0,0
Decatur,AL,19460,2005,285,154,111,20,0,0,0,136,97,49,0,0,198,0,87,0
Decatur,IL,19500,2005,365,245,101,19,0,0,0,136,87,43,0,0,262,63,40,0
Deltona-Daytona Beach-Ormond Beach,FL,19660,2005,365,299,63,3,0,0,0,133,59,38,0,0,283,0,64,18
Deming,NM,19700,2005,60,59,1,0,0,0,0,61,33,19,0,0,0,0,0,60
Denver-Aurora-Lakewood,CO,19740,2005,365,109,215,39,2,0,0,164,103,58,0,97,162,5,71,30
Des Moines-West Des Moines,IA,19780,2005,365,220,132,13,0,0,0,134,80,46,0,31,138,0,189,7
Detroit-Warren-Dearborn,MI,19820,2005,365,90,175,82,17,1,0,202,128,74,0,13,80,114,152,6
Dickinson,ND,19860,2005,352,335,17,0,0,0,0,74,48,36,0,0,338,0,14,0
Dodge City,KS,19980,2005,61,60,1,0,0,0,0,51,27,15,0,0,0,0,0,61
Dothan,AL,20020,2005,265,186,77,2,0,0,0,124,71,44,0,0,170,0,95,0
Douglas,GA,20060,2005,59,34,25,0,0,0,0,96,70,41,0,0,0,0,59,0
Dover,DE,20100,2005,265,150,93,20,2,0,0,154,97,47,0,0,192,0,73,0
DuBois,PA,20180,2005,208,115,66,23,4,0,0,161,108,48,0,0,208,0,0,0
Duluth,MN,20260,2005,365,260,99,6,0,0,0,133,69,41,0,0,183,0,180,2
Duluth,WI,20260,2005,365,260,99,6,0,0,0,133,69,41,0,0,183,0,180,2
Durango,CO,20420,2005,365,222,138,5,0,0,0,140,77,47,0,8,349,0,0,8
Durham-Chapel Hill,NC,20500,2005,348,144,176,28,0,0,0,150,100,53,0,0,119,0,229,0
Dyersburg,TN,20540,2005,111,50,59,2,0,0,0,131,76,52,0,0,0,0,111,0
Eagle Pass,TX,20580,2005,129,97,32,0,0,0,0,84,57,35,0,0,0,0,129,0
Eau Claire,WI,20740,2005,41,41,0,0,0,0,0,47,27,12,0,0,0,0,0,41
Effingham,IL,20820,2005,215,141,67,7,0,0,0,119,84,44,0,0,215,0,0,0
El Centro,CA,20940,2005,365,126,170,59,10,0,0,187,119,61,9,55,255,0,38,8
El Dorado,AR,20980,2005,325,256,65,4,0,0,0,116,62,9,0,0,0,219,106,0
El Paso,TX,21340,2005,365,90,233,37,5,0,0,185,104,62,0,14,132,1,163,55
Elizabethtown-Fort Knox,KY,21060,2005,285,153,106,26,0,0,0,143,97,49,0,0,196,0,86,3
Elkhart-Goshen,IN,21140,2005,241,100,115,21,5,0,0,172,101,56,0,0,163,0,78,0
Elko,NV,21220,2005,260,253,7,0,0,0,0,67,35,18,0,0,0,0,55,205
Ellensburg,WA,21260,2005,355,301,54,0,0,0,0,91,56,29,0,0,0,0,355,0
Elmira,NY,21300,2005,361,324,34,3,0,0,0,119,51,33,0,0,314,47,0,0
Emporia,KS,21380,2005,116,87,29,0,0,0,0,96,62,31,0,0,0,0,116,0
Enid,OK,21420,2005,62,42,20,0,0,0,0,86,61,38,0,0,0,0,62,0
Erie,PA,21500,2005,365,152,175,32,6,0,0,195,101,54,0,19,103,69,174,0
Espa?ola,NM,21580,2005,105,104,1,0,0,0,0,52,20,9,0,0,0,0,105,0
Eufaula,AL,21640,2005,59,35,23,1,0,0,0,119,68,47,0,0,0,0,59,0
Eufaula,GA,21640,2005,59,35,23,1,0,0,0,119,68,47,0,0,0,0,59,0
Eugene,OR,21660,2005,365,215,113,28,9,0,0,160,101,44,0,0,126,0,238,1
Eureka-Arcata-Fortuna,CA,21700,2005,37,29,8,0,0,0,0,92,66,24,0,0,0,0,34,3
Evansville,IN,21780,2005,365,72,195,93,5,0,0,177,124,71,0,0,68,157,140,0
Evansville,KY,21780,2005,365,72,195,93,5,0,0,177,124,71,0,0,68,157,140,0
Fairbanks,AK,21820,2005,225,188,34,2,1,0,0,153,69,23,134,0,0,0,91,0
Fairmont,WV,21900,2005,118,39,77,2,0,0,0,122,82,56,0,0,0,0,118,0
Fallon,NV,21980,2005,213,207,6,0,0,0,0,74,48,41,0,0,213,0,0,0
Fargo,ND,22020,2005,362,321,40,0,1,0,0,154,51,34,0,18,271,0,51,22
Fargo,MN,22020,2005,362,321,40,0,1,0,0,154,51,34,0,18,271,0,51,22
Farmington,NM,22140,2005,365,243,110,11,1,0,0,151,77,45,0,26,289,38,12,0
Fayetteville,NC,22180,2005,364,239,91,26,8,0,0,182,100,44,103,0,179,0,82,0
Findlay,OH,22300,2005,61,61,0,0,0,0,0,42,32,23,0,0,0,0,0,61
Flagstaff,AZ,22380,2005,358,241,107,9,1,0,0,159,79,47,0,0,350,0,8,0
Flint,MI,22420,2005,361,262,74,25,0,0,0,150,84,35,0,0,160,125,75,1
Florence,SC,22500,2005,319,209,90,19,1,0,0,151,84,44,0,0,244,0,75,0
Florence-Muscle Shoals,AL,22520,2005,365,255,100,10,0,0,0,126,75,43,0,0,186,94,85,0
Fond du Lac,WI,22540,2005,186,124,45,16,1,0,0,156,100,44,0,0,186,0,0,0
Fort Collins,CO,22660,2005,365,251,103,11,0,0,0,147,74,46,5,0,340,0,20,0
Fort Madison-Keokuk,IA,22800,2005,120,118,2,0,0,0,0,52,33,19,0,0,0,0,0,120
Fort Madison-Keokuk,IL,22800,2005,120,118,2,0,0,0,0,52,33,19,0,0,0,0,0,120
Fort Madison-Keokuk,MO,22800,2005,120,118,2,0,0,0,0,52,33,19,0,0,0,0,0,120
Fort Payne,AL,22840,2005,115,53,61,1,0,0,0,114,73,52,0,0,0,0,115,0
Fort Smith,AR,22900,2005,116,48,65,3,0,0,0,115,74,55,0,0,0,0,116,0
Fort Smith,OK,22900,2005,116,48,65,3,0,0,0,115,74,55,0,0,0,0,116,0
Fort Wayne,IN,23060,2005,365,165,163,32,5,0,0,164,101,53,6,0,102,0,256,1
Frankfort,KY,23180,2005,118,62,52,4,0,0,0,134,79,49,0,0,0,0,118,0
Fresno,CA,23420,2005,365,105,145,70,43,2,0,206,154,72,0,16,217,0,131,1
Gadsden,AL,23460,2005,280,157,115,8,0,0,0,120,80,47,0,0,186,0,89,5
Gaffney,SC,23500,2005,359,279,64,16,0,0,0,140,80,39,0,0,359,0,0,0
Gainesville,FL,23540,2005,365,267,89,9,0,0,0,126,74,40,0,0,302,0,60,3
Gainesville,GA,23580,2005,112,51,59,2,0,0,0,107,73,52,0,0,0,0,112,0
Gardnerville Ranchos,NV,23820,2005,304,304,0,0,0,0,0,43,25,15,304,0,0,0,0,0
Georgetown,SC,23860,2005,365,253,106,6,0,0,0,117,70,35,0,0,0,56,73,236
Gettysburg,PA,23900,2005,360,169,167,23,1,0,0,161,90,52,0,0,120,0,240,0
Gillette,WY,23940,2005,365,199,154,12,0,0,0,131,77,49,0,28,140,44,13,140
Glenwood Springs,CO,24060,2005,357,348,9,0,0,0,0,69,34,18,0,0,0,0,1,356
Goldsboro,NC,24140,2005,114,60,53,1,0,0,0,110,74,50,0,0,0,0,112,2
Grand Island,NE,24260,2005,113,91,22,0,0,0,0,75,58,28,0,0,0,0,113,0
Grand Junction,CO,24300,2005,365,322,42,1,0,0,0,122,52,29,7,0,0,0,94,264
Grand Rapids-Wyoming,MI,24340,2005,365,181,146,30,8,0,0,182,105,51,0,30,131,0,204,0
Grants Pass,OR,24420,2005,365,274,89,1,1,0,0,160,62,29,2,0,0,0,363,0
Great Falls,MT,24500,2005,365,323,42,0,0,0,0,96,55,17,124,0,0,169,71,1
Greeley,CO,24540,2005,365,244,102,19,0,0,0,147,84,44,27,0,301,0,37,0
Green Bay,WI,24580,2005,355,229,97,24,5,0,0,192,95,39,0,0,150,137,68,0
Greensboro-High Point,NC,24660,2005,365,147,193,23,2,0,0,172,96,55,8,0,123,0,234,0
Greenville,NC,24780,2005,259,158,86,14,1,0,0,156,84,46,0,0,174,0,85,0
Greenville-Anderson-Mauldin,SC,24860,2005,365,108,222,33,2,0,0,159,99,61,0,6,108,4,246,1
Greenwood,SC,24940,2005,264,142,106,15,1,0,0,154,93,49,0,0,177,0,87,0
Grenada,MS,24980,2005,49,22,27,0,0,0,0,95,75,52,0,0,0,0,49,0
Guayama,PR,25020,2005,340,327,13,0,0,0,0,74,32,7,0,0,0,221,72,47
Gulfport-Biloxi-Pascagoula,MS,25060,2005,361,125,197,36,3,0,0,156,101,58,0,3,126,10,222,0
Hagerstown-Martinsburg,MD,25180,2005,267,118,123,24,2,0,0,164,100,54,0,0,172,0,95,0
Hagerstown-Martinsburg,WV,25180,2005,267,118,123,24,2,0,0,164,100,54,0,0,172,0,95,0
Hammond,LA,25220,2005,116,56,58,2,0,0,0,119,78,52,0,0,0,0,116,0
Hanford-Corcoran,CA,25260,2005,364,201,115,41,7,0,0,182,105,48,0,63,247,0,49,5
Harrisburg-Carlisle,PA,25420,2005,365,128,195,37,5,0,0,174,106,62,0,15,104,19,227,0
Harrison,AR,25460,2005,364,277,82,5,0,0,0,115,68,41,0,0,316,0,48,0
Harrisonburg,VA,25500,2005,365,364,1,0,0,0,0,51,39,27,0,348,0,5,0,12
Hartford-West Hartford-East Hartford,CT,25540,2005,365,220,119,16,8,2,0,205,93,45,11,47,169,5,133,0
Hattiesburg,MS,25620,2005,109,42,63,3,1,0,0,155,80,53,0,0,0,0,109,0
Helena,MT,25740,2005,358,337,18,3,0,0,0,113,40,17,0,0,0,0,102,256
Helena-West Helena,AR,25760,2005,108,53,53,2,0,0,0,119,81,51,0,0,0,0,108,0
Hermiston-Pendleton,OR,25840,2005,362,286,72,4,0,0,0,138,71,21,0,0,0,0,346,16
Hickory-Lenoir-Morganton,NC,25860,2005,268,124,128,16,0,0,0,143,93,53,0,0,167,0,100,1
Hilo,HI,25900,2005,365,245,10,33,75,2,0,206,200,5,0,0,0,300,65,0
Hilton Head Island-Bluffton-Beaufort,SC,25940,2005,90,48,40,2,0,0,0,117,68,47,0,0,0,0,90,0
Hobbs,NM,26020,2005,365,281,76,8,0,0,0,143,67,43,0,23,292,0,50,0
Holland,MI,26090,2005,362,191,129,32,8,2,0,208,108,49,0,0,152,0,210,0
Homosassa Springs,FL,26140,2005,121,96,24,1,0,0,0,103,56,33,0,0,0,0,121,0
Hot Springs,AR,26300,2005,115,55,59,1,0,0,0,111,76,52,0,0,0,0,115,0
Houghton,MI,26340,2005,119,107,12,0,0,0,0,70,52,11,0,0,0,0,119,0
Houma-Thibodaux,LA,26380,2005,362,193,145,23,1,0,0,154,93,49,0,0,168,0,194,0
Houston-The Woodlands-Sugar Land,TX,26420,2005,363,42,205,72,37,7,0,219,156,71,0,10,150,50,137,16
Huntington,IN,26540,2005,171,95,60,16,0,0,0,140,97,48,0,0,171,0,0,0
Huntington-Ashland,WV,26580,2005,365,143,186,34,2,0,0,173,100,57,0,26,135,114,89,1
Huntington-Ashland,KY,26580,2005,365,143,186,34,2,0,0,173,100,57,0,26,135,114,89,1
Huntington-Ashland,OH,26580,2005,365,143,186,34,2,0,0,173,100,57,0,26,135,114,89,1
Huntsville,AL,26620,2005,364,228,115,21,0,0,0,133,88,44,0,0,276,0,82,6
Idaho Falls,ID,26820,2005,330,326,4,0,0,0,0,78,29,20,0,0,0,0,330,0
Indiana,PA,26860,2005,365,200,121,38,6,0,0,172,107,48,0,31,168,166,0,0
Indianapolis-Carmel-Anderson,IN,26900,2005,365,65,207,85,8,0,0,182,126,72,0,9,86,104,165,1
Iowa City,IA,26980,2005,122,68,49,5,0,0,0,131,74,46,0,0,0,0,122,0
Iron Mountain,MI,27020,2005,195,156,36,3,0,0,0,133,74,38,0,0,174,0,21,0
Iron Mountain,WI,27020,2005,195,156,36,3,0,0,0,133,74,38,0,0,174,0,21,0
Ithaca,NY,27060,2005,114,89,25,0,0,0,0,90,65,30,0,0,0,0,114,0
Jackson,MS,27140,2005,365,148,206,10,1,0,0,168,79,54,0,0,78,0,287,0
Jackson,TN,27180,2005,104,79,25,0,0,0,0,78,58,34,0,0,0,0,73,31
Jackson,WY,27220,2005,364,313,50,1,0,0,0,106,54,44,10,0,330,0,21,3
Jackson,ID,27220,2005,364,313,50,1,0,0,0,106,54,44,10,0,330,0,21,3
Jacksonville,FL,27260,2005,365,121,213,28,3,0,0,175,97,57,0,1,89,82,187,6
Jacksonville,NC,27340,2005,120,76,43,1,0,0,0,117,68,42,0,0,0,0,119,1
Jamestown-Dunkirk-Fredonia,NY,27460,2005,365,240,91,27,7,0,0,179,100,44,0,0,278,47,40,0
Janesville-Beloit,WI,27500,2005,185,119,52,14,0,0,0,150,97,44,0,0,185,0,0,0
Jasper,IN,27540,2005,365,225,112,25,3,0,0,161,89,30,0,0,0,271,94,0
Johnstown,PA,27780,2005,365,215,125,24,1,0,0,151,91,46,0,57,124,91,85,8
Joplin,MO,27900,2005,359,301,57,1,0,0,0,102,59,26,0,0,0,0,0,359
Juneau,AK,27940,2005,115,99,14,2,0,0,0,125,57,20,0,0,0,0,110,5
Kahului-Wailuku-Lahaina,HI,27980,2005,345,330,14,1,0,0,0,101,38,19,0,0,0,0,44,301
Kalamazoo-Portage,MI,28020,2005,239,122,98,18,1,0,0,156,97,50,0,0,155,0,84,0
Kalispell,MT,28060,2005,365,302,62,1,0,0,0,105,58,38,19,0,202,0,60,84
Kansas City,MO,28140,2005,365,87,202,59,16,1,0,210,127,65,1,17,140,69,137,1
Kansas City,KS,28140,2005,365,87,202,59,16,1,0,210,127,65,1,17,140,69,137,1
Kapaa,HI,28180,2005,220,220,0,0,0,0,0,28,22,13,0,0,0,0,0,220
Keene,NH,28300,2005,212,170,38,4,0,0,0,143,71,40,0,0,171,0,41,0
Kennewick-Richland,WA,28420,2005,365,302,60,1,1,0,1,486,56,31,0,0,0,0,313,52
Kingsport-Bristol-Bristol,TN,28700,2005,365,115,150,93,7,0,0,171,122,67,1,22,109,183,50,0
Kingsport-Bristol-Bristol,VA,28700,2005,365,115,150,93,7,0,0,171,122,67,1,22,109,183,50,0
Kingston,NY,28740,2005,359,306,42,11,0,0,0,147,58,40,0,0,355,4,0,0
Kingsville,TX,28780,2005,346,257,87,2,0,0,0,114,60,39,0,0,0,0,346,0
Kinston,NC,28820,2005,255,149,87,17,2,0,0,167,90,47,0,0,172,0,83,0
Klamath Falls,OR,28900,2005,362,257,83,22,0,0,0,149,80,32,0,0,0,0,362,0
Knoxville,TN,28940,2005,365,30,205,118,12,0,0,170,133,87,0,0,123,150,91,1
Kokomo,IN,29020,2005,111,43,65,3,0,0,0,121,86,54,0,0,0,0,111,0
La Crosse-Onalaska,WI,29100,2005,7,2,5,0,0,0,0,94,94,64,0,0,0,0,7,0
La Crosse-Onalaska,MN,29100,2005,7,2,5,0,0,0,0,94,94,64,0,0,0,0,7,0
La Grande,OR,29260,2005,365,292,68,4,1,0,0,151,66,26,0,0,0,0,355,10
Laconia,NH,29060,2005,213,178,29,6,0,0,0,129,64,37,0,0,174,0,39,0
Lafayette,LA,29180,2005,308,192,98,16,2,0,0,159,93,44,0,0,237,0,71,0
Lafayette-West Lafayette,IN,29200,2005,305,136,149,19,1,0,0,154,91,54,0,0,94,0,211,0
Lake Charles,LA,29340,2005,348,155,168,22,3,0,0,164,91,53,0,4,140,16,188,0
Lake City,FL,29380,2005,363,296,60,7,0,0,0,126,67,36,0,0,363,0,0,0
Lake Havasu City-Kingman,AZ,29420,2005,120,113,7,0,0,0,0,68,44,19,0,0,0,0,88,32
Lakeland-Winter Haven,FL,29460,2005,365,277,78,10,0,0,0,150,71,39,0,0,291,5,61,8
Lancaster,PA,29540,2005,365,203,117,41,4,0,0,177,108,46,0,70,163,46,81,5
Lansing-East Lansing,MI,29620,2005,243,129,87,26,1,0,0,174,105,48,0,0,161,0,82,0
Laramie,WY,29660,2005,61,60,1,0,0,0,0,51,44,24,0,0,0,0,0,61
Laredo,TX,29700,2005,365,244,118,3,0,0,0,104,64,44,2,0,110,0,221,32
Las Cruces,NM,29740,2005,365,140,195,29,0,0,0,874,97,55,0,5,204,0,37,119
Las Vegas-Henderson-Paradise,NV,29820,2005,365,104,197,55,9,0,0,200,115,62,0,15,223,0,102,25
Laurel,MS,29860,2005,115,38,74,3,0,0,0,129,79,55,0,0,0,0,115,0
Lawrence,KS,29940,2005,359,285,64,9,1,0,0,156,74,37,0,0,359,0,0,0
Lawrenceburg,TN,29980,2005,118,67,48,3,0,0,0,109,73,45,0,0,0,0,118,0
Lawton,OK,30020,2005,365,277,69,19,0,0,0,150,87,39,0,0,343,0,22,0
Lewiston,ID,30300,2005,336,320,16,0,0,0,0,67,39,20,0,0,0,0,305,31
Lewiston,WA,30300,2005,336,320,16,0,0,0,0,67,39,20,0,0,0,0,305,31
Lewiston-Auburn,ME,30340,2005,171,153,16,2,0,0,0,150,51,29,0,0,140,0,0,31
Lexington,NE,30420,2005,61,45,16,0,0,0,0,87,64,38,0,0,0,0,0,61
Lexington-Fayette,KY,30460,2005,365,206,133,25,1,0,0,162,93,47,0,62,165,46,92,0
Lima,OH,30620,2005,358,265,70,21,2,0,0,159,87,33,0,0,209,127,0,22
Lincoln,NE,30700,2005,359,325,33,1,0,0,0,101,50,31,96,0,183,0,80,0
Little Rock-North Little Rock-Conway,AR,30780,2005,365,125,196,40,4,0,0,169,101,61,0,6,149,0,210,0
Logan,UT,30860,2005,365,221,106,23,15,0,0,167,105,47,0,74,143,0,144,4
Logan,ID,30860,2005,365,221,106,23,15,0,0,167,105,47,0,74,143,0,144,4
London,KY,30940,2005,71,30,39,1,1,0,0,152,80,54,0,0,0,0,68,3
Longview,TX,30980,2005,364,230,100,30,4,0,0,172,100,42,0,12,303,18,31,0
Longview,WA,31020,2005,310,275,35,0,0,0,0,100,54,18,0,0,0,0,300,10
Los Alamos,NM,31060,2005,115,115,0,0,0,0,0,44,20,10,0,0,0,0,115,0
Los Angeles-Long Beach-Anaheim,CA,31080,2005,365,55,171,78,49,12,0,238,166,84,2,46,188,1,128,0
Louisville/Jefferson County,KY,31140,2005,365,58,202,96,9,0,0,189,133,72,0,2,86,124,153,0
Louisville/Jefferson County,IN,31140,2005,365,58,202,96,9,0,0,189,133,72,0,2,86,124,153,0
Lubbock,TX,31180,2005,171,130,41,0,0,0,0,81,56,33,0,0,0,0,171,0
Ludington,MI,31220,2005,175,125,38,10,2,0,0,187,93,41,0,0,175,0,0,0
Lumberton,NC,31300,2005,117,63,54,0,0,0,0,98,70,47,0,0,0,0,117,0
Lynchburg,VA,31340,2005,121,65,54,2,0,0,0,107,81,48,0,0,0,0,121,0
Macon,GA,31420,2005,363,144,189,28,2,0,0,177,94,55,0,0,123,0,240,0
Madera,CA,31460,2005,362,265,79,18,0,0,0,136,87,40,0,66,296,0,0,0
Madison,IN,31500,2005,178,164,11,3,0,0,0,109,49,20,0,0,0,178,0,0
Madison,WI,31540,2005,259,145,96,18,0,0,0,150,93,46,0,0,170,0,89,0
Malone,NY,31660,2005,365,313,38,12,2,0,0,156,61,23,0,0,178,96,0,91
Manchester-Nashua,NH,31700,2005,365,267,78,16,4,0,0,177,75,41,4,53,183,64,61,0
Manitowoc,WI,31820,2005,239,152,62,16,7,2,0,205,103,42,0,2,161,0,76,0
Marietta,OH,31930,2005,234,140,64,24,6,0,0,179,108,48,0,0,211,0,0,23
Marion,NC,32000,2005,121,45,74,2,0,0,0,110,82,55,0,0,0,0,121,0
Marshall,MN,32140,2005,222,161,58,3,0,0,0,115,69,42,0,0,113,0,109,0
Marshall,TX,32220,2005,362,189,151,21,1,0,0,154,92,49,0,0,176,0,186,0
Mason City,IA,32380,2005,365,307,56,2,0,0,0,105,55,29,0,0,0,4,0,361
Mayag?ez,PR,32420,2005,106,89,17,0,0,0,0,83,56,24,0,0,0,0,106,0
McAlester,OK,32540,2005,357,254,98,5,0,0,0,115,77,43,0,0,293,0,61,3
McAllen-Edinburg-Mission,TX,32580,2005,365,219,139,7,0,0,0,122,75,46,0,0,107,0,252,6
Medford,OR,32780,2005,365,233,121,10,1,0,0,151,80,44,2,0,138,0,225,0
Memphis,TN,32820,2005,365,82,191,78,13,1,0,202,129,67,0,3,135,38,187,2
Memphis,MS,32820,2005,365,82,191,78,13,1,0,202,129,67,0,3,135,38,187,2
Memphis,AR,32820,2005,365,82,191,78,13,1,0,202,129,67,0,3,135,38,187,2
Merced,CA,32900,2005,364,231,89,42,2,0,0,169,108,43,0,46,268,0,48,2
Meridian,MS,32940,2005,279,161,103,14,1,0,0,156,87,47,0,0,193,0,86,0
Miami,OK,33060,2005,365,234,116,15,0,0,0,140,87,44,0,40,242,0,28,55
Miami-Fort Lauderdale-West Palm Beach,FL,33100,2005,365,158,195,11,1,0,0,160,79,52,0,9,92,12,252,0
Michigan City-La Porte,IN,33140,2005,365,235,102,24,4,0,0,179,97,39,0,0,157,124,84,0
Middlesborough,KY,33180,2005,234,133,90,11,0,0,0,136,81,48,0,0,189,0,45,0
Milwaukee-Waukesha-West Allis,WI,33340,2005,365,212,112,28,11,2,0,205,104,45,3,63,171,9,95,24
Minneapolis-St. Paul-Bloomington,MN,33460,2005,365,150,188,20,7,0,0,161,93,56,0,3,116,22,222,2
Minneapolis-St. Paul-Bloomington,WI,33460,2005,365,150,188,20,7,0,0,161,93,56,0,3,116,22,222,2
Missoula,MT,33540,2005,342,300,37,2,3,0,0,162,55,21,63,0,0,0,116,163
Mobile,AL,33660,2005,353,229,117,6,1,0,0,154,80,44,0,0,174,28,79,72
Modesto,CA,33700,2005,365,242,83,32,8,0,0,172,105,42,2,80,226,0,55,2
Monroe,LA,33740,2005,364,230,106,27,1,0,0,154,97,44,0,0,293,5,66,0
Monroe,MI,33780,2005,115,50,57,6,2,0,0,160,90,52,0,0,0,0,115,0
Montgomery,AL,33860,2005,285,168,114,3,0,0,0,133,79,48,0,0,183,0,102,0
Morgan City,LA,34020,2005,358,270,70,18,0,0,0,136,87,39,0,0,358,0,0,0
Morgantown,WV,34060,2005,365,198,115,49,3,0,0,192,109,46,0,0,119,172,74,0
Morristown,TN,34100,2005,240,120,87,30,3,0,0,200,112,51,0,0,240,0,0,0
Moscow,ID,34140,2005,353,348,5,0,0,0,0,71,31,15,0,0,0,0,353,0
Moses Lake,WA,34180,2005,365,335,30,0,0,0,0,68,46,24,0,0,0,0,365,0
Mount Vernon,IL,34500,2005,216,123,82,11,0,0,0,136,93,48,0,0,196,0,20,0
Mount Vernon,OH,34540,2005,213,128,66,17,2,0,0,190,100,46,0,0,213,0,0,0
Mount Vernon-Anacortes,WA,34580,2005,365,360,4,1,0,0,0,103,39,28,0,29,293,12,31,0
Mountain Home,ID,34300,2005,152,104,48,0,0,0,0,84,67,47,0,0,152,0,0,0
Muncie,IN,34620,2005,216,93,99,21,3,0,0,182,103,55,0,0,132,0,84,0
Muscatine,IA,34700,2005,365,215,110,39,1,0,0,157,103,40,0,0,0,211,77,77
Muskegon,MI,34740,2005,239,148,61,20,9,1,0,208,108,46,0,0,163,0,76,0
Muskogee,OK,34780,2005,359,270,84,5,0,0,0,112,65,34,0,0,0,78,98,183
Myrtle Beach-Conway-North Myrtle Beach,SC,34820,2005,119,64,54,1,0,0,0,121,72,49,0,0,0,0,119,0
Myrtle Beach-Conway-North Myrtle Beach,NC,34820,2005,119,64,54,1,0,0,0,121,72,49,0,0,0,0,119,0
Napa,CA,34900,2005,364,360,4,0,0,0,0,90,41,31,2,74,285,0,0,3
Naples-Immokalee-Marco Island,FL,34940,2005,363,271,90,2,0,0,0,119,58,39,0,0,142,0,221,0
Nashville-Davidson--Murfreesboro--Franklin,TN,34980,2005,365,93,217,49,6,0,0,179,112,61,0,4,117,1,243,0
Natchez,MS,35020,2005,284,162,112,10,0,0,0,126,90,48,0,0,201,0,83,0
Natchez,LA,35020,2005,284,162,112,10,0,0,0,126,90,48,0,0,201,0,83,0
New Castle,IN,35220,2005,111,47,58,5,1,0,0,155,87,53,0,0,0,0,111,0
New Castle,PA,35260,2005,365,231,111,21,2,0,0,157,89,44,0,99,144,108,0,14
New Haven-Milford,CT,35300,2005,365,174,155,28,7,1,0,203,100,52,0,68,94,18,185,0
New Orleans-Metairie,LA,35380,2005,365,118,204,40,3,0,0,159,103,59,1,7,149,26,182,0
New Philadelphia-Dover,OH,35420,2005,349,287,58,3,1,0,0,200,59,30,0,0,0,349,0,0
New York-Newark-Jersey City,NY,35620,2005,365,68,221,54,19,3,0,217,129,66,0,58,113,71,122,1
New York-Newark-Jersey City,NJ,35620,2005,365,68,221,54,19,3,0,217,129,66,0,58,113,71,122,1
New York-Newark-Jersey City,PA,35620,2005,365,68,221,54,19,3,0,217,129,66,0,58,113,71,122,1
Niles-Benton Harbor,MI,35660,2005,239,117,90,27,5,0,0,177,112,51,0,0,168,0,71,0
Nogales,AZ,35700,2005,304,156,118,21,9,0,0,199,100,49,0,0,0,0,35,269
North Platte,NE,35820,2005,105,88,16,1,0,0,0,102,55,23,0,0,0,0,105,0
North Port-Sarasota-Bradenton,FL,35840,2005,365,259,86,19,1,0,0,151,84,43,0,4,312,4,34,11
Norwich-New London,CT,35980,2005,237,157,64,13,3,0,0,169,87,45,0,0,164,0,73,0
Ocala,FL,36100,2005,363,281,74,8,0,0,0,136,71,38,0,0,302,0,61,0
Odessa,TX,36220,2005,365,308,57,0,0,0,0,85,54,31,0,0,0,0,365,0
Ogden-Clearfield,UT,36260,2005,365,200,132,25,7,1,0,203,95,49,6,149,165,1,30,14
Ogdensburg-Massena,NY,36300,2005,111,87,24,0,0,0,0,98,63,24,0,0,0,0,111,0
Oklahoma City,OK,36420,2005,365,182,150,30,3,0,0,172,100,51,0,34,206,0,124,1
Olympia-Tumwater,WA,36500,2005,365,278,85,2,0,0,0,130,65,34,0,0,95,0,270,0
Omaha-Council Bluffs,NE,36540,2005,365,125,210,30,0,0,0,147,97,56,0,0,96,30,168,71
Omaha-Council Bluffs,IA,36540,2005,365,125,210,30,0,0,0,147,97,56,0,0,96,30,168,71
Orlando-Kissimmee-Sanford,FL,36740,2005,365,192,152,16,5,0,0,182,84,49,1,3,153,0,208,0
Othello,WA,36830,2005,365,352,13,0,0,0,0,63,38,22,0,0,0,0,365,0
Ottawa-Peru,IL,36860,2005,365,297,66,2,0,0,0,130,58,28,0,0,0,0,105,260
Owensboro,KY,36980,2005,364,189,133,40,2,0,0,154,105,49,0,21,179,74,76,14
Oxford,NC,37080,2005,213,90,78,42,3,0,0,172,122,58,0,0,213,0,0,0
Oxnard-Thousand Oaks-Ventura,CA,37100,2005,365,183,120,55,7,0,0,187,119,50,0,25,307,0,33,0
Paducah,KY,37140,2005,365,210,128,26,1,0,0,154,91,46,0,29,178,63,80,15
Paducah,IL,37140,2005,365,210,128,26,1,0,0,154,91,46,0,29,178,63,80,15
Pahrump,NV,37220,2005,362,334,28,0,0,0,0,79,47,23,0,0,0,0,0,362
Palatka,FL,37260,2005,365,334,29,2,0,0,0,109,46,22,0,0,0,100,0,265
Palm Bay-Melbourne-Titusville,FL,37340,2005,365,307,51,7,0,0,0,126,61,38,0,0,317,0,40,8
Panama City,FL,37460,2005,360,251,94,15,0,0,0,147,80,42,0,0,298,0,51,11
Parkersburg-Vienna,WV,37620,2005,363,174,147,37,5,0,0,169,105,54,0,0,114,180,69,0
Payson,AZ,37740,2005,365,107,138,103,17,0,0,200,129,72,0,0,105,245,12,3
Pensacola-Ferry Pass-Brent,FL,37860,2005,364,125,200,38,1,0,0,154,101,58,0,0,139,36,189,0
Peoria,IL,37900,2005,365,161,159,41,4,0,0,173,105,54,11,0,157,143,54,0
Philadelphia-Camden-Wilmington,PA,37980,2005,365,69,210,60,25,1,0,206,139,71,0,17,114,87,145,2
Philadelphia-Camden-Wilmington,NJ,37980,2005,365,69,210,60,25,1,0,206,139,71,0,17,114,87,145,2
Philadelphia-Camden-Wilmington,DE,37980,2005,365,69,210,60,25,1,0,206,139,71,0,17,114,87,145,2
Philadelphia-Camden-Wilmington,MD,37980,2005,365,69,210,60,25,1,0,206,139,71,0,17,114,87,145,2
Phoenix-Mesa-Scottsdale,AZ,38060,2005,365,49,225,80,11,0,0,177,126,80,1,47,174,0,16,127
Picayune,MS,38100,2005,103,56,46,1,0,0,0,106,67,46,0,0,0,0,103,0
Pittsburgh,PA,38300,2005,365,29,185,118,32,1,0,204,145,90,0,1,49,218,97,0
Pittsfield,MA,38340,2005,230,130,77,18,5,0,0,164,101,48,0,0,142,0,88,0
Platteville,WI,38420,2005,122,71,47,4,0,0,0,114,78,41,0,0,0,0,122,0
Pocatello,ID,38540,2005,365,208,150,5,2,0,0,165,74,47,0,0,0,99,252,14
Point Pleasant,WV,38580,2005,345,293,41,10,1,0,0,154,64,23,0,0,0,345,0,0
Point Pleasant,OH,38580,2005,345,293,41,10,1,0,0,154,64,23,0,0,0,345,0,0
Ponca City,OK,38620,2005,365,225,115,25,0,0,0,150,93,46,0,0,235,52,41,37
Ponce,PR,38660,2005,119,85,34,0,0,0,0,77,61,35,0,0,0,0,70,49
Port Angeles,WA,38820,2005,365,275,89,1,0,0,0,111,63,33,0,0,94,0,271,0
Port St. Lucie,FL,38940,2005,352,262,87,3,0,0,0,121,64,40,0,5,176,0,171,0
Portland-South Portland,ME,38860,2005,365,285,64,15,1,0,0,159,71,40,0,107,210,22,18,8
Portland-Vancouver-Hillsboro,OR,38900,2005,365,223,127,12,3,0,0,156,80,42,1,1,107,0,255,1
Portland-Vancouver-Hillsboro,WA,38900,2005,365,223,127,12,3,0,0,156,80,42,1,1,107,0,255,1
Portsmouth,OH,39020,2005,365,224,136,5,0,0,0,133,79,43,0,0,0,125,99,141
Pottsville,PA,39060,2005,359,344,15,0,0,0,0,84,36,13,77,0,0,282,0,0
Prescott,AZ,39140,2005,158,105,41,12,0,0,0,119,90,18,0,0,58,0,84,16
Providence-Warwick,RI,39300,2005,365,187,149,21,8,0,0,182,93,50,1,18,119,54,172,1
Providence-Warwick,MA,39300,2005,365,187,149,21,8,0,0,182,93,50,1,18,119,54,172,1
Provo-Orem,UT,39340,2005,365,221,122,18,3,1,0,207,90,46,0,126,139,0,94,6
Pueblo,CO,39380,2005,124,119,5,0,0,0,0,63,43,29,0,0,0,0,107,17
Pullman,WA,39420,2005,365,353,12,0,0,0,0,60,36,21,0,0,0,0,365,0
Quincy,IL,39500,2005,365,261,89,15,0,0,0,122,87,41,0,0,311,23,31,0
Quincy,MO,39500,2005,365,261,89,15,0,0,0,122,87,41,0,0,311,23,31,0
Racine,WI,39540,2005,185,131,34,13,7,0,0,182,105,42,0,0,185,0,0,0
Raleigh,NC,39580,2005,365,147,172,40,6,0,0,182,108,55,0,0,159,4,202,0
Rapid City,SD,39660,2005,365,221,140,4,0,0,0,122,69,47,0,0,243,0,28,94
Reading,PA,39740,2005,365,221,111,30,3,0,0,169,99,44,0,109,110,64,78,4
Red Bluff,CA,39780,2005,295,188,74,32,1,0,0,151,101,43,0,0,279,0,0,16
Red Wing,MN,39860,2005,176,115,56,5,0,0,0,143,84,46,0,0,176,0,0,0
Redding,CA,39820,2005,365,277,70,15,3,0,0,159,84,43,0,0,355,0,10,0
Reno,NV,39900,2005,365,166,191,7,1,0,0,155,84,52,0,22,219,0,24,100
Richmond,IN,39980,2005,365,252,92,21,0,0,0,134,86,27,0,0,0,365,0,0
Richmond,VA,40060,2005,365,119,192,46,8,0,0,200,115,58,0,24,117,72,152,0
Richmond-Berea,KY,40080,2005,124,57,66,1,0,0,0,118,78,52,0,0,0,0,115,9
Riverside-San Bernardino-Ontario,CA,40140,2005,365,47,142,83,64,29,0,242,192,99,0,39,210,0,111,5
Riverton,WY,40180,2005,182,158,23,1,0,0,0,105,56,16,0,0,0,60,88,34
Roanoke,VA,40220,2005,365,222,127,16,0,0,0,129,84,43,3,84,156,22,96,4
Rochester,MN,40340,2005,359,218,130,9,2,0,0,152,75,46,0,0,116,0,243,0
Rochester,NY,40380,2005,365,285,67,13,0,0,0,147,75,36,3,0,238,51,73,0
Rock Springs,WY,40540,2005,365,336,27,1,1,0,0,193,46,20,0,0,0,0,0,365
Rockford,IL,40420,2005,365,278,77,10,0,0,0,135,76,35,14,0,315,0,36,0
Rockland,ME,40500,2005,162,140,15,6,1,0,0,192,64,37,0,0,162,0,0,0
Rocky Mount,NC,40580,2005,264,146,100,17,1,0,0,156,87,48,0,0,181,0,82,1
Rome,GA,40660,2005,364,240,109,15,0,0,0,145,75,26,0,0,0,251,113,0
Roseburg,OR,40700,2005,128,88,40,0,0,0,0,89,68,39,0,0,0,0,128,0
Roswell,NM,40740,2005,124,113,11,0,0,0,0,62,48,25,0,0,0,0,121,3
Ruidoso,NM,40760,2005,112,112,0,0,0,0,0,47,28,11,0,0,0,0,112,0
Russellville,AR,40780,2005,113,50,63,0,0,0,0,99,75,53,0,0,0,0,113,0
Rutland,VT,40860,2005,362,303,57,2,0,0,0,107,59,26,2,202,0,60,96,2
Sacramento--Roseville--Arden-Arcade,CA,40900,2005,365,103,170,50,36,6,0,213,154,68,0,3,202,0,160,0
Safford,AZ,40940,2005,53,53,0,0,0,0,0,46,31,20,0,0,0,0,0,53
Saginaw,MI,40980,2005,114,72,38,4,0,0,0,125,75,38,0,0,0,0,114,0
Salem,OH,41400,2005,357,266,69,22,0,0,0,149,85,24,0,0,0,315,0,42
Salem,OR,41420,2005,365,293,65,7,0,0,0,133,63,32,7,0,142,0,216,0
Salinas,CA,41500,2005,365,351,14,0,0,0,0,84,45,35,0,21,323,0,15,6
Salisbury,MD,41540,2005,263,131,102,23,6,1,0,206,105,51,0,0,193,0,70,0
Salisbury,DE,41540,2005,263,131,102,23,6,1,0,206,105,51,0,0,193,0,70,0
Salt Lake City,UT,41620,2005,365,163,140,54,8,0,0,187,117,54,0,93,117,18,124,13
San Antonio-New Braunfels,TX,41700,2005,365,198,140,23,4,0,0,164,93,49,0,28,192,0,144,1
San Diego-Carlsbad,CA,41740,2005,365,83,227,50,5,0,0,159,111,67,0,59,208,0,92,6
San Francisco-Oakland-Hayward,CA,41860,2005,365,199,145,19,2,0,0,161,88,48,0,11,128,2,224,0
San Jose-Sunnyvale-Santa Clara,CA,41940,2005,365,196,145,23,1,0,0,154,93,48,0,11,213,0,141,0
San Juan-Carolina-Caguas,PR,41980,2005,365,278,85,2,0,0,0,106,60,38,30,2,0,43,180,110
San Luis Obispo-Paso Robles-Arroyo Grande,CA,42020,2005,365,281,79,5,0,0,0,150,67,42,0,12,328,10,13,2
Sandpoint,ID,41760,2005,339,327,12,0,0,0,0,62,30,14,0,0,0,0,0,339
Santa Cruz-Watsonville,CA,42100,2005,365,351,14,0,0,0,0,87,44,34,0,2,344,0,13,6
Santa Fe,NM,42140,2005,365,363,2,0,0,0,0,52,28,15,29,0,0,0,331,5
Santa Maria-Santa Barbara,CA,42200,2005,365,233,119,13,0,0,0,140,84,47,0,2,344,0,18,1
Santa Rosa,CA,42220,2005,365,344,21,0,0,0,0,96,44,31,0,51,277,0,37,0
Sault Ste. Marie,MI,42300,2005,125,98,26,1,0,0,0,126,67,29,0,0,0,0,125,0
Savannah,GA,42340,2005,365,122,225,18,0,0,0,138,84,58,0,0,47,92,225,1
Scottsbluff,NE,42420,2005,121,117,4,0,0,0,0,68,38,19,0,0,0,0,121,0
Scottsboro,AL,42460,2005,364,322,35,7,0,0,0,131,56,11,0,3,17,344,0,0
Scranton--Wilkes-Barre--Hazleton,PA,42540,2005,365,171,168,24,2,0,0,161,91,53,0,24,129,8,204,0
Searcy,AR,42620,2005,116,56,56,4,0,0,0,131,83,53,0,0,0,0,116,0
Seattle-Tacoma-Bellevue,WA,42660,2005,365,165,175,24,1,0,0,154,91,53,0,7,67,1,290,0
Sebring,FL,42700,2005,358,314,39,5,0,0,0,112,58,37,0,0,358,0,0,0
Seneca,SC,42860,2005,362,272,81,8,1,0,0,156,71,42,0,0,313,4,45,0
Sevierville,TN,42940,2005,361,204,125,29,3,0,0,156,100,47,0,0,361,0,0,0
Seymour,IN,42980,2005,183,91,69,23,0,0,0,150,108,51,0,0,183,0,0,0
Sheboygan,WI,43100,2005,202,140,34,17,9,2,0,205,126,42,0,0,185,0,0,17
Shelton,WA,43220,2005,365,306,59,0,0,0,0,86,56,27,0,0,0,0,365,0
Sheridan,WY,43260,2005,246,184,61,1,0,0,0,106,61,32,0,0,0,0,72,174
Show Low,AZ,43320,2005,332,217,112,3,0,0,0,140,77,44,0,0,313,0,14,5
Shreveport-Bossier City,LA,43340,2005,365,181,157,25,2,0,0,161,93,51,0,0,189,1,175,0
Sierra Vista-Douglas,AZ,43420,2005,355,235,116,4,0,0,0,108,77,46,0,0,321,0,24,10
Silver City,NM,43500,2005,362,293,65,4,0,0,0,115,64,40,0,0,260,65,34,3
Sioux City,IA,43580,2005,124,84,39,1,0,0,0,130,67,37,0,0,0,0,116,8
Sioux City,NE,43580,2005,124,84,39,1,0,0,0,130,67,37,0,0,0,0,116,8
Sioux City,SD,43580,2005,124,84,39,1,0,0,0,130,67,37,0,0,0,0,116,8
Sioux Falls,SD,43620,2005,365,284,79,2,0,0,0,105,67,38,0,13,258,8,76,10
Somerset,KY,43700,2005,263,176,76,11,0,0,0,126,84,44,0,0,243,0,0,20
Sonora,CA,43760,2005,365,264,81,19,1,0,0,159,87,41,7,0,358,0,0,0
South Bend-Mishawaka,IN,43780,2005,333,180,114,33,6,0,0,177,105,47,0,94,165,0,74,0
South Bend-Mishawaka,MI,43780,2005,333,180,114,33,6,0,0,177,105,47,0,94,165,0,74,0
Spartanburg,SC,43900,2005,354,143,175,34,2,0,0,151,101,56,0,0,128,0,222,4
Spokane-Spokane Valley,WA,44060,2005,365,187,168,10,0,0,0,107,81,50,1,0,121,0,231,12
Springfield,IL,44100,2005,365,236,104,25,0,0,0,126,93,43,3,0,272,56,34,0
Springfield,MA,44140,2005,365,181,153,22,9,0,0,197,97,51,0,4,207,11,143,0
Springfield,MO,44180,2005,365,194,149,22,0,0,0,143,91,49,1,61,132,106,65,0
Springfield,OH,44220,2005,365,218,117,25,5,0,0,177,93,45,0,0,181,110,74,0
St. Cloud,MN,41060,2005,365,283,79,2,1,0,0,153,62,36,12,0,138,0,215,0
St. George,UT,41100,2005,355,233,101,17,3,1,0,204,84,46,0,0,353,0,2,0
St. Joseph,MO,41140,2005,121,61,58,2,0,0,0,107,73,50,0,0,0,0,103,18
St. Joseph,KS,41140,2005,121,61,58,2,0,0,0,107,73,50,0,0,0,0,103,18
St. Louis,MO,41180,2005,365,17,180,119,47,2,0,205,159,97,0,4,83,162,79,37
St. Louis,IL,41180,2005,365,17,180,119,47,2,0,205,159,97,0,4,83,162,79,37
State College,PA,44300,2005,357,172,163,20,2,0,0,161,93,52,0,10,125,15,207,0
Steamboat Springs,CO,44460,2005,329,312,17,0,0,0,0,66,38,17,0,0,0,0,14,315
Stockton-Lodi,CA,44700,2005,364,280,69,13,2,0,0,155,71,40,2,104,194,0,59,5
Summerville,GA,44900,2005,261,190,57,14,0,0,0,150,80,43,0,0,243,0,0,18
Syracuse,NY,45060,2005,365,277,66,20,2,0,0,166,84,42,5,0,322,11,27,0
Tahlequah,OK,45140,2005,365,252,101,12,0,0,0,133,80,44,0,46,265,5,27,22
Talladega-Sylacauga,AL,45180,2005,281,204,75,2,0,0,0,110,68,41,0,0,173,0,107,1
Tallahassee,FL,45220,2005,365,142,209,12,2,0,0,161,84,55,0,0,97,0,268,0
Tampa-St. Petersburg-Clearwater,FL,45300,2005,365,79,218,63,5,0,0,176,112,63,0,0,96,95,168,6
Taos,NM,45340,2005,356,352,4,0,0,0,0,62,30,16,0,0,0,0,323,33
Terre Haute,IN,45460,2005,365,187,133,44,1,0,0,187,105,50,0,0,118,180,67,0
Texarkana,TX,45500,2005,117,66,50,1,0,0,0,101,73,47,0,0,0,0,117,0
Texarkana,AR,45500,2005,117,66,50,1,0,0,0,101,73,47,0,0,0,0,117,0
The Dalles,OR,45520,2005,360,307,53,0,0,0,0,99,57,19,0,0,0,0,360,0
Toledo,OH,45780,2005,365,184,141,34,5,1,0,203,105,49,0,0,146,92,73,54
Topeka,KS,45820,2005,121,76,44,1,0,0,0,112,68,42,0,0,0,0,119,2
Torrington,CT,45860,2005,300,225,51,17,7,0,0,185,87,39,0,0,249,0,51,0
Traverse City,MI,45900,2005,183,121,39,18,5,0,0,177,115,44,0,0,183,0,0,0
Trenton,NJ,45940,2005,363,250,88,19,6,0,0,185,84,43,0,82,219,0,61,1
Troy,AL,45980,2005,56,55,1,0,0,0,0,51,31,19,0,0,0,0,0,56
Truckee-Grass Valley,CA,46020,2005,365,188,113,44,18,2,0,216,126,50,0,0,300,0,21,44
Tucson,AZ,46060,2005,365,195,152,16,2,0,0,154,84,49,0,10,282,0,26,47
Tullahoma-Manchester,TN,46100,2005,59,59,0,0,0,0,0,47,39,31,0,2,56,1,0,0
Tulsa,OK,46140,2005,365,121,195,42,7,0,0,177,105,58,0,1,154,107,102,1
Tupelo,MS,46180,2005,364,163,179,22,0,0,0,140,87,53,0,0,103,0,261,0
Tuscaloosa,AL,46220,2005,274,158,106,9,1,0,0,164,81,47,0,0,182,0,92,0
Twin Falls,ID,46300,2005,326,292,32,2,0,0,0,114,52,27,0,0,0,0,326,0
Tyler,TX,46340,2005,365,247,86,31,1,0,0,156,100,43,0,6,359,0,0,0
Ukiah,CA,46380,2005,365,357,8,0,0,0,0,69,43,32,1,34,312,0,12,6
Urban Honolulu,HI,46520,2005,365,351,11,2,1,0,0,168,38,25,1,9,175,28,88,64
Utica-Rome,NY,46540,2005,365,325,36,4,0,0,0,133,51,35,0,0,360,5,0,0
Valdosta,GA,46660,2005,55,31,24,0,0,0,0,88,70,47,0,0,0,0,55,0
Vallejo-Fairfield,CA,46700,2005,365,244,106,15,0,0,0,145,79,41,0,6,168,0,191,0
Vernal,UT,46860,2005,45,45,0,0,0,0,0,19,13,5,0,0,0,0,0,45
Vicksburg,MS,46980,2005,109,60,46,3,0,0,0,137,70,47,0,0,0,0,109,0
Victoria,TX,47020,2005,357,294,57,6,0,0,0,147,67,34,0,0,357,0,0,0
Vincennes,IN,47180,2005,112,51,53,8,0,0,0,140,81,53,0,0,0,0,112,0
Vineland-Bridgeton,NJ,47220,2005,363,297,44,19,2,1,0,204,77,34,0,0,324,39,0,0
Vineyard Haven,MA,47240,2005,226,176,30,16,3,1,0,201,90,41,0,0,157,0,69,0
Virginia Beach-Norfolk-Newport News,VA,47260,2005,365,162,183,19,1,0,0,151,87,53,0,0,137,39,189,0
Virginia Beach-Norfolk-Newport News,NC,47260,2005,365,162,183,19,1,0,0,151,87,53,0,0,137,39,189,0
Visalia-Porterville,CA,47300,2005,365,74,142,79,66,4,0,207,161,84,0,0,200,0,165,0
Walla Walla,WA,47460,2005,365,297,66,2,0,0,0,125,62,29,0,0,0,0,230,135
Walterboro,SC,47500,2005,284,226,50,8,0,0,0,126,74,37,0,0,284,0,0,0
Warner Robins,GA,47580,2005,56,27,29,0,0,0,0,93,71,51,0,0,0,0,56,0
Warren,PA,47620,2005,365,217,63,76,9,0,0,200,126,34,0,0,0,365,0,0
Washington,IN,47780,2005,355,284,54,17,0,0,0,115,75,19,0,0,0,355,0,0
Washington,NC,47820,2005,351,324,22,5,0,0,0,125,44,6,0,0,0,351,0,0
Washington-Arlington-Alexandria,DC,47900,2005,365,104,199,44,18,0,0,187,126,61,0,35,126,32,167,5
Washington-Arlington-Alexandria,VA,47900,2005,365,104,199,44,18,0,0,187,126,61,0,35,126,32,167,5
Washington-Arlington-Alexandria,MD,47900,2005,365,104,199,44,18,0,0,187,126,61,0,35,126,32,167,5
Washington-Arlington-Alexandria,WV,47900,2005,365,104,199,44,18,0,0,187,126,61,0,35,126,32,167,5
Waterloo-Cedar Falls,IA,47940,2005,253,170,78,5,0,0,0,145,76,44,0,0,175,0,75,3
Watertown,SD,47980,2005,123,85,38,0,0,0,0,82,68,36,0,0,0,0,120,3
Watertown-Fort Atkinson,WI,48020,2005,185,116,52,16,1,0,0,159,100,45,0,0,185,0,0,0
Watertown-Fort Drum,NY,48060,2005,217,164,36,14,3,0,0,187,93,41,0,0,217,0,0,0
Wausau,WI,48140,2005,186,143,37,5,1,0,0,156,80,43,0,0,186,0,0,0
Weatherford,OK,48220,2005,25,24,1,0,0,0,0,51,30,17,0,0,0,0,0,25
Weirton-Steubenville,WV,48260,2005,365,43,152,150,20,0,0,200,136,93,1,0,46,290,28,0
Weirton-Steubenville,OH,48260,2005,365,43,152,150,20,0,0,200,136,93,1,0,46,290,28,0
Wenatchee,WA,48300,2005,349,258,89,2,0,0,0,115,64,30,0,0,0,0,349,0
Wheeling,WV,48540,2005,365,98,159,98,10,0,0,200,123,74,0,0,97,227,41,0
Wheeling,OH,48540,2005,365,98,159,98,10,0,0,200,123,74,0,0,97,227,41,0
Whitewater-Elkhorn,WI,48580,2005,186,114,50,20,2,0,0,161,105,46,0,0,186,0,0,0
Wichita Falls,TX,48660,2005,288,225,63,0,0,0,0,85,64,35,0,0,0,0,288,0
Wichita,KS,48620,2005,365,230,119,16,0,0,0,147,87,45,2,40,247,1,56,19
Williamsport,PA,48700,2005,365,275,66,22,2,0,0,156,87,34,0,0,207,145,0,13
Williston,ND,48780,2005,364,287,61,14,2,0,0,154,76,16,0,0,0,364,0,0
Wilmington,NC,48900,2005,365,268,87,10,0,0,0,147,70,37,0,0,167,130,68,0
Wilmington,OH,48940,2005,214,113,65,33,3,0,0,179,119,49,0,0,214,0,0,0
Winchester,VA,49020,2005,238,159,64,15,0,0,0,136,87,44,0,0,209,0,0,29
Winchester,WV,49020,2005,238,159,64,15,0,0,0,136,87,44,0,0,209,0,0,29
Winona,MN,49100,2005,119,92,24,2,1,0,0,152,63,27,0,0,0,0,119,0
Winston-Salem,NC,49180,2005,365,131,192,39,3,0,0,159,103,58,1,14,104,28,212,6
Worcester,MA,49340,2005,365,231,119,12,3,0,0,166,84,44,1,36,127,3,194,4
Worcester,CT,49340,2005,365,231,119,12,3,0,0,166,84,44,1,36,127,3,194,4
Yakima,WA,49420,2005,365,281,70,13,1,0,0,151,76,25,1,0,0,0,339,25
York-Hanover,PA,49620,2005,364,186,124,47,7,0,0,179,108,50,0,98,138,50,74,4
Youngstown-Warren-Boardman,OH,49660,2005,365,130,188,40,7,0,0,177,108,58,0,0,127,41,197,0
Youngstown-Warren-Boardman,PA,49660,2005,365,130,188,40,7,0,0,177,108,58,0,0,127,41,197,0
Yuba City,CA,49700,2005,365,201,136,28,0,0,0,143,93,48,0,21,215,0,128,1
Yuma,AZ,49740,2005,316,188,113,15,0,0,0,140,80,46,0,10,170,0,0,136
