CBSA,State,CBSA Code,Year,Days with AQI,Good Days,Moderate Days,Unhealthy for Sensitive Groups Days,Unhealthy Days,Very Unhealthy Days,Hazardous Days,Max AQI,90th Percentile AQI,Median AQI,Days CO,Days NO2,Days Ozone,Days SO2,Days PM2.5,Days PM10
Aberdeen,SD,10100,2009,122,103,19,0,0,0,0,89,53,30,0,0,0,0,112,10
Aberdeen,WA,10140,2009,365,318,47,0,0,0,0,83,53,28,0,0,0,0,365,0
Adjuntas,PR,10260,2009,44,44,0,0,0,0,0,45,28,15,0,0,0,0,44,0
Adrian,MI,10300,2009,234,164,69,1,0,0,0,122,65,44,0,0,160,0,74,0
Akron,OH,10420,2009,365,193,168,4,0,0,0,105,75,49,0,0,87,29,249,0
Albany,GA,10500,2009,325,157,164,4,0,0,0,120,73,51,0,0,0,0,324,1
Albany,OR,10540,2009,365,256,103,5,1,0,0,153,66,33,0,0,0,0,365,0
Albany-Schenectady-Troy,NY,10580,2009,365,260,102,3,0,0,0,122,64,40,0,0,205,2,158,0
Albuquerque,NM,10740,2009,365,122,240,3,0,0,0,115,77,55,0,4,209,0,87,65
Alexandria,LA,10780,2009,119,100,19,0,0,0,0,63,53,33,0,0,0,0,119,0
Allentown-Bethlehem-Easton,PA,10900,2009,365,208,154,3,0,0,0,117,74,46,0,18,79,16,246,6
Allentown-Bethlehem-Easton,NJ,10900,2009,365,208,154,3,0,0,0,117,74,46,0,18,79,16,246,6
Altoona,PA,11020,2009,365,329,36,0,0,0,0,97,50,32,0,0,198,111,0,56
Amarillo,TX,11100,2009,363,353,10,0,0,0,0,58,40,23,0,0,0,0,363,0
Americus,GA,11140,2009,232,220,12,0,0,0,0,74,48,35,0,0,232,0,0,0
Ames,IA,11180,2009,214,198,16,0,0,0,0,64,48,35,0,0,214,0,0,0
Anchorage,AK,11260,2009,363,280,81,2,0,0,0,105,63,29,15,0,0,0,272,76
Ann Arbor,MI,11460,2009,243,177,66,0,0,0,0,97,64,41,0,0,166,0,77,0
Appleton,WI,11540,2009,363,247,110,6,0,0,0,113,72,41,0,0,156,0,207,0
Ardmore,OK,11620,2009,341,226,105,8,2,0,0,170,74,43,0,0,176,0,165,0
Asheville,NC,11700,2009,363,247,116,0,0,0,0,100,64,44,0,0,144,0,219,0
Ashtabula,OH,11780,2009,365,324,36,5,0,0,0,150,51,30,0,0,210,155,0,0
Athens,OH,11900,2009,365,289,74,2,0,0,0,119,62,36,23,23,185,100,34,0
Athens,TN,11940,2009,355,337,12,6,0,0,0,123,30,14,0,256,0,55,0,44
Athens-Clarke County,GA,12020,2009,363,240,121,2,0,0,0,112,64,43,0,0,120,0,243,0
Atlanta-Sandy Springs-Roswell,GA,12060,2009,365,124,216,19,6,0,0,172,93,57,0,10,88,2,265,0
Atlantic City-Hammonton,NJ,12100,2009,362,266,92,4,0,0,0,133,64,41,0,0,221,1,137,3
Augusta-Richmond County,GA,12260,2009,365,210,152,2,1,0,0,151,69,46,0,0,155,0,210,0
Augusta-Richmond County,SC,12260,2009,365,210,152,2,1,0,0,151,69,46,0,0,155,0,210,0
Augusta-Waterville,ME,12300,2009,212,201,10,1,0,0,0,105,48,31,0,0,182,0,0,30
Austin-Round Rock,TX,12420,2009,365,242,118,5,0,0,0,133,72,44,0,0,215,0,148,2
Bakersfield,CA,12540,2009,365,39,157,91,73,5,0,299,160,96,0,0,189,0,169,7
Baltimore-Columbia-Towson,MD,12580,2009,365,157,187,19,1,1,0,204,90,54,0,23,139,8,195,0
Bangor,ME,12620,2009,323,310,12,1,0,0,0,122,45,28,0,0,240,0,43,40
Baraboo,WI,12660,2009,313,260,50,3,0,0,0,115,60,35,0,0,250,0,63,0
Barnstable Town,MA,12700,2009,237,202,31,4,0,0,0,140,58,34,0,0,175,0,62,0
Baton Rouge,LA,12940,2009,365,133,196,29,7,0,0,172,99,57,0,8,115,65,174,3
Bay City,MI,13020,2009,116,90,26,0,0,0,0,94,57,27,0,0,0,0,116,0
Beaumont-Port Arthur,TX,13140,2009,365,190,155,16,4,0,0,200,84,49,0,1,143,53,168,0
Beaver Dam,WI,13180,2009,354,288,65,1,0,0,0,107,63,35,0,0,294,1,58,1
Beckley,WV,13220,2009,113,88,25,0,0,0,0,67,58,36,0,0,0,0,113,0
Bellingham,WA,13380,2009,365,327,38,0,0,0,0,76,52,28,0,0,52,0,313,0
Bend-Redmond,OR,13460,2009,363,327,35,1,0,0,0,108,50,31,0,0,119,0,244,0
Bennington,VT,13540,2009,359,306,50,3,0,0,0,115,55,35,0,0,234,0,125,0
Berlin,NH,13620,2009,304,258,45,1,0,0,0,108,58,40,0,0,273,0,31,0
Berlin,VT,13620,2009,304,258,45,1,0,0,0,108,58,40,0,0,273,0,31,0
Billings,MT,13740,2009,365,272,90,3,0,0,0,115,69,33,3,0,0,258,104,0
Birmingham-Hoover,AL,13820,2009,365,126,232,7,0,0,0,150,77,56,4,0,58,7,261,35
Bishop,CA,13860,2009,365,219,124,5,5,5,4,1402,87,48,0,0,268,0,10,87
Bismarck,ND,13900,2009,365,320,45,0,0,0,0,84,52,37,0,8,266,22,68,1
Bloomington,IL,14010,2009,364,288,72,4,0,0,0,105,61,37,0,0,302,0,62,0
Bloomington,IN,14020,2009,254,132,121,1,0,0,0,101,72,50,0,0,84,0,170,0
Boise City,ID,14260,2009,365,186,172,7,0,0,0,126,77,49,6,16,104,0,220,19
Boone,NC,14380,2009,117,101,16,0,0,0,0,67,54,30,0,0,0,0,117,0
Boston-Cambridge-Newton,MA,14460,2009,365,215,143,7,0,0,0,143,69,46,0,26,107,23,208,1
Boston-Cambridge-Newton,NH,14460,2009,365,215,143,7,0,0,0,143,69,46,0,26,107,23,208,1
Boulder,CO,14500,2009,365,256,99,10,0,0,0,147,74,44,1,0,331,0,32,1
Bowling Green,KY,14540,2009,365,257,108,0,0,0,0,97,61,41,0,0,194,0,171,0
Bozeman,MT,14580,2009,365,287,77,1,0,0,0,108,64,33,0,0,0,0,365,0
Brainerd,MN,14660,2009,360,283,77,0,0,0,0,96,61,33,0,0,128,0,232,0
Branson,MO,14700,2009,121,107,14,0,0,0,0,60,52,26,0,0,0,0,121,0
Breckenridge,CO,14720,2009,323,318,5,0,0,0,0,74,32,13,0,0,0,0,0,323
Bremerton-Silverdale,WA,14740,2009,356,293,59,4,0,0,0,126,59,25,0,0,0,0,356,0
Bridgeport-Stamford-Norwalk,CT,14860,2009,365,254,99,12,0,0,0,150,80,40,1,43,159,1,160,1
Brookings,SD,15100,2009,359,326,32,1,0,0,0,110,50,33,0,0,305,0,50,4
Brownsville-Harlingen,TX,15180,2009,365,239,126,0,0,0,0,88,68,44,0,0,107,0,255,3
Brunswick,GA,15260,2009,362,336,24,2,0,0,0,144,47,32,0,0,198,87,70,7
Buffalo-Cheektowaga-Niagara Falls,NY,15380,2009,365,224,138,3,0,0,0,129,68,47,0,22,103,2,238,0
Burlington,NC,15500,2009,360,254,106,0,0,0,0,75,59,42,0,0,0,0,360,0
Burlington-South Burlington,VT,15540,2009,365,301,64,0,0,0,0,93,57,37,1,3,219,0,142,0
Butte-Silver Bow,MT,15580,2009,364,296,62,6,0,0,0,138,59,30,0,0,0,0,192,172
Cadillac,MI,15620,2009,240,209,31,0,0,0,0,97,52,35,0,0,173,0,67,0
Canton-Massillon,OH,15940,2009,362,193,167,2,0,0,0,126,74,49,24,0,86,0,252,0
Cape Coral-Fort Myers,FL,15980,2009,365,306,59,0,0,0,0,87,54,39,0,0,212,0,153,0
Carbondale-Marion,IL,16060,2009,61,61,0,0,0,0,0,36,25,14,0,0,0,0,0,61
Carlsbad-Artesia,NM,16100,2009,365,296,67,2,0,0,0,105,61,42,0,4,355,0,6,0
Carson City,NV,16180,2009,108,88,18,2,0,0,0,119,54,45,0,0,108,0,0,0
Casper,WY,16220,2009,119,117,2,0,0,0,0,70,30,15,0,0,0,0,45,74
Ca?on City,CO,15860,2009,59,59,0,0,0,0,0,35,25,13,0,0,0,0,0,59
Cedar Rapids,IA,16300,2009,365,236,125,4,0,0,0,113,70,44,0,0,127,3,233,2
Centralia,WA,16500,2009,120,119,1,0,0,0,0,90,21,5,0,0,0,0,120,0
Chambersburg-Waynesboro,PA,16540,2009,208,196,12,0,0,0,0,84,47,37,0,0,208,0,0,0
Champaign-Urbana,IL,16580,2009,361,295,66,0,0,0,0,93,59,36,0,0,287,0,74,0
Charleston,WV,16620,2009,365,177,188,0,0,0,0,95,70,51,0,0,57,32,272,4
Charleston-North Charleston,SC,16700,2009,365,246,119,0,0,0,0,85,59,44,0,2,109,0,253,1
Charlotte-Concord-Gastonia,NC,16740,2009,365,170,185,10,0,0,0,133,79,52,0,2,145,2,216,0
Charlotte-Concord-Gastonia,SC,16740,2009,365,170,185,10,0,0,0,133,79,52,0,2,145,2,216,0
Charlottesville,VA,16820,2009,264,219,45,0,0,0,0,100,56,38,0,0,187,0,77,0
Chattanooga,TN,16860,2009,365,181,180,3,1,0,0,154,73,51,0,0,98,0,267,0
Chattanooga,GA,16860,2009,365,181,180,3,1,0,0,154,73,51,0,0,98,0,267,0
Cheyenne,WY,16940,2009,121,120,1,0,0,0,0,64,27,15,0,0,0,0,94,27
Chicago-Naperville-Elgin,IL,16980,2009,365,65,261,37,1,1,0,202,102,63,0,30,43,54,236,2
Chicago-Naperville-Elgin,IN,16980,2009,365,65,261,37,1,1,0,202,102,63,0,30,43,54,236,2
Chicago-Naperville-Elgin,WI,16980,2009,365,65,261,37,1,1,0,202,102,63,0,30,43,54,236,2
Chico,CA,17020,2009,365,185,148,31,1,0,0,156,100,50,0,1,257,0,107,0
Cincinnati,OH,17140,2009,365,130,218,17,0,0,0,146,84,55,0,2,102,26,234,1
Cincinnati,KY,17140,2009,365,130,218,17,0,0,0,146,84,55,0,2,102,26,234,1
Cincinnati,IN,17140,2009,365,130,218,17,0,0,0,146,84,55,0,2,102,26,234,1
Claremont-Lebanon,NH,17200,2009,356,308,48,0,0,0,0,94,52,31,0,0,173,0,183,0
Claremont-Lebanon,VT,17200,2009,356,308,48,0,0,0,0,94,52,31,0,0,173,0,183,0
Clarksburg,WV,17220,2009,118,70,48,0,0,0,0,71,60,43,0,0,0,0,118,0
Clarksville,TN,17300,2009,364,281,81,2,0,0,0,136,61,39,0,0,200,85,79,0
Clarksville,KY,17300,2009,364,281,81,2,0,0,0,136,61,39,0,0,200,85,79,0
Clearlake,CA,17340,2009,362,349,13,0,0,0,0,90,44,34,0,0,359,0,3,0
Cleveland,MS,17380,2009,340,239,101,0,0,0,0,93,60,43,0,0,100,0,240,0
Cleveland,TN,17420,2009,323,301,11,11,0,0,0,132,41,18,0,78,0,207,0,38
Cleveland-Elyria,OH,17460,2009,365,132,164,63,6,0,0,176,112,60,5,20,79,170,82,9
Clinton,IA,17540,2009,365,191,170,4,0,0,0,134,75,49,0,0,89,2,274,0
Coco,PR,17640,2009,354,354,0,0,0,0,0,40,20,6,0,0,0,354,0,0
Coeur d'Alene,ID,17660,2009,259,234,25,0,0,0,0,65,50,38,0,0,148,0,111,0
Coffeyville,KS,17700,2009,347,346,1,0,0,0,0,55,29,17,0,0,0,45,0,302
Colorado Springs,CO,17820,2009,365,295,69,1,0,0,0,101,58,43,0,0,358,0,7,0
Columbia,MO,17860,2009,214,195,19,0,0,0,0,100,50,37,0,0,214,0,0,0
Columbia,SC,17900,2009,365,196,165,4,0,0,0,112,70,49,0,3,130,36,192,4
Columbus,GA,17980,2009,365,209,154,2,0,0,0,112,71,47,0,0,86,0,278,1
Columbus,AL,17980,2009,365,209,154,2,0,0,0,112,71,47,0,0,86,0,278,1
Columbus,MS,18060,2009,113,85,28,0,0,0,0,71,57,36,0,0,0,0,113,0
Columbus,OH,18140,2009,365,260,100,5,0,0,0,129,71,41,63,0,179,39,82,2
Concord,NH,18180,2009,364,200,85,73,6,0,0,193,119,47,0,0,86,235,43,0
Corning,NY,18500,2009,365,312,52,1,0,0,0,101,55,36,0,1,226,2,136,0
Corpus Christi,TX,18580,2009,365,251,112,2,0,0,0,108,66,43,0,0,165,0,200,0
Corsicana,TX,18620,2009,197,131,66,0,0,0,0,97,71,42,0,1,97,2,97,0
Corvallis,OR,18700,2009,365,321,44,0,0,0,0,94,53,19,0,0,0,0,365,0
Crescent City,CA,18860,2009,125,123,2,0,0,0,0,84,30,12,0,0,0,0,89,36
Crestview-Fort Walton Beach-Destin,FL,18880,2009,362,335,26,1,0,0,0,129,50,36,0,0,362,0,0,0
Cullowhee,NC,19000,2009,257,212,45,0,0,0,0,87,56,43,0,0,183,0,74,0
Dallas-Fort Worth-Arlington,TX,19100,2009,365,159,155,40,11,0,0,187,112,53,0,26,187,0,150,2
Dalton,GA,19140,2009,281,233,46,2,0,0,0,133,61,40,0,0,233,0,48,0
Daphne-Fairhope-Foley,AL,19300,2009,252,218,32,2,0,0,0,136,53,36,0,0,200,0,52,0
Davenport-Moline-Rock Island,IA,19340,2009,365,170,192,3,0,0,0,112,75,51,0,0,81,0,211,73
Davenport-Moline-Rock Island,IL,19340,2009,365,170,192,3,0,0,0,112,75,51,0,0,81,0,211,73
Dayton,OH,19380,2009,365,226,130,9,0,0,0,129,74,45,42,0,172,0,151,0
Decatur,AL,19460,2009,322,178,144,0,0,0,0,91,64,48,0,0,85,0,237,0
Decatur,IL,19500,2009,365,217,148,0,0,0,0,97,67,45,0,0,137,11,217,0
Deltona-Daytona Beach-Ormond Beach,FL,19660,2009,365,313,52,0,0,0,0,80,52,39,0,0,209,0,155,1
Deming,NM,19700,2009,364,346,17,1,0,0,0,141,44,35,0,18,302,0,0,44
Denver-Aurora-Lakewood,CO,19740,2009,365,171,179,14,1,0,0,151,84,51,0,50,247,2,51,15
Des Moines-West Des Moines,IA,19780,2009,365,259,105,1,0,0,0,116,63,41,0,12,118,0,235,0
Detroit-Warren-Dearborn,MI,19820,2009,365,190,157,17,1,0,0,174,84,48,0,18,112,39,192,4
Dickinson,ND,19860,2009,364,357,7,0,0,0,0,71,45,34,0,0,352,4,8,0
Dodge City,KS,19980,2009,358,348,10,0,0,0,0,66,27,15,0,0,0,0,0,358
Dothan,AL,20020,2009,315,261,54,0,0,0,0,86,55,38,0,0,172,0,143,0
Douglas,GA,20060,2009,57,44,12,1,0,0,0,132,58,38,0,0,0,0,57,0
Dover,DE,20100,2009,262,199,63,0,0,0,0,97,66,42,0,0,184,0,78,0
DuBois,PA,20180,2009,206,175,28,3,0,0,0,105,61,38,0,0,206,0,0,0
Duluth,MN,20260,2009,365,276,89,0,0,0,0,90,64,40,0,0,163,0,198,4
Duluth,WI,20260,2009,365,276,89,0,0,0,0,90,64,40,0,0,163,0,198,4
Durango,CO,20420,2009,365,255,104,6,0,0,0,125,67,46,0,12,350,0,0,3
Durham-Chapel Hill,NC,20500,2009,348,245,101,2,0,0,0,101,64,44,0,0,121,0,227,0
Eagle Pass,TX,20580,2009,345,277,68,0,0,0,0,80,58,32,0,0,0,0,345,0
East Stroudsburg,PA,20700,2009,167,159,8,0,0,0,0,84,47,34,0,0,167,0,0,0
Eau Claire,WI,20740,2009,39,33,6,0,0,0,0,73,60,28,0,0,0,0,39,0
Effingham,IL,20820,2009,240,206,33,1,0,0,0,101,58,41,0,0,240,0,0,0
El Centro,CA,20940,2009,365,155,158,50,2,0,0,161,105,55,3,56,253,0,36,17
El Dorado,AR,20980,2009,360,325,34,1,0,0,0,128,50,6,0,0,0,262,98,0
El Paso,TX,21340,2009,365,141,213,11,0,0,0,133,82,54,0,18,167,0,173,7
Elizabethtown-Fort Knox,KY,21060,2009,360,263,96,1,0,0,0,101,63,41,0,0,161,0,199,0
Elkhart-Goshen,IN,21140,2009,240,181,58,1,0,0,0,103,66,39,0,0,151,0,89,0
Elko,NV,21220,2009,319,308,10,1,0,0,0,106,40,19,0,0,0,0,39,280
Ellensburg,WA,21260,2009,363,303,60,0,0,0,0,84,55,25,0,0,0,0,363,0
Elmira,NY,21300,2009,365,342,23,0,0,0,0,97,47,33,0,0,362,3,0,0
Emporia,KS,21380,2009,121,110,11,0,0,0,0,65,48,25,0,0,0,0,121,0
Erie,PA,21500,2009,364,263,97,4,0,0,0,140,63,40,0,26,116,34,186,2
Espa?ola,NM,21580,2009,111,111,0,0,0,0,0,29,16,9,0,0,0,0,111,0
Eugene,OR,21660,2009,365,223,116,23,3,0,0,158,89,44,0,0,95,0,270,0
Eureka-Arcata-Fortuna,CA,21700,2009,360,341,19,0,0,0,0,89,42,28,0,23,288,3,45,1
Evanston,WY,21740,2009,365,341,24,0,0,0,0,74,48,40,0,1,357,0,0,7
Evansville,IN,21780,2009,365,169,188,8,0,0,0,128,80,52,0,2,97,61,205,0
Evansville,KY,21780,2009,365,169,188,8,0,0,0,128,80,52,0,2,97,61,205,0
Fairbanks,AK,21820,2009,362,226,91,26,17,1,1,330,113,35,8,0,0,0,354,0
Fairmont,WV,21900,2009,121,69,52,0,0,0,0,81,63,48,0,0,0,0,121,0
Fallon,NV,21980,2009,195,170,24,1,0,0,0,101,51,43,0,0,195,0,0,0
Fargo,ND,22020,2009,365,339,24,2,0,0,0,102,49,34,0,31,275,0,56,3
Fargo,MN,22020,2009,365,339,24,2,0,0,0,102,49,34,0,31,275,0,56,3
Farmington,NM,22140,2009,365,315,50,0,0,0,0,100,54,42,0,23,310,2,11,19
Fayetteville,NC,22180,2009,365,238,124,3,0,0,0,122,65,45,0,0,112,3,250,0
Fayetteville-Springdale-Rogers,AR,22220,2009,361,313,46,2,0,0,0,122,54,38,0,0,288,0,73,0
Fayetteville-Springdale-Rogers,MO,22220,2009,361,313,46,2,0,0,0,122,54,38,0,0,288,0,73,0
Fernley,NV,22280,2009,161,143,18,0,0,0,0,93,54,39,0,0,161,0,0,0
Findlay,OH,22300,2009,54,54,0,0,0,0,0,39,29,19,0,0,0,0,0,54
Flagstaff,AZ,22380,2009,363,262,101,0,0,0,0,100,67,46,0,0,340,0,16,7
Flint,MI,22420,2009,241,184,55,2,0,0,0,108,64,42,0,0,171,0,70,0
Florence,SC,22500,2009,313,261,52,0,0,0,0,87,56,38,0,0,229,0,84,0
Florence-Muscle Shoals,AL,22520,2009,323,220,103,0,0,0,0,76,60,43,0,0,129,0,194,0
Fond du Lac,WI,22540,2009,202,176,26,0,0,0,0,97,58,37,0,0,202,0,0,0
Fort Collins,CO,22660,2009,365,225,132,8,0,0,0,140,80,48,0,0,358,0,7,0
Fort Madison-Keokuk,IA,22800,2009,120,84,36,0,0,0,0,91,62,40,0,0,0,0,120,0
Fort Madison-Keokuk,IL,22800,2009,120,84,36,0,0,0,0,91,62,40,0,0,0,0,120,0
Fort Madison-Keokuk,MO,22800,2009,120,84,36,0,0,0,0,91,62,40,0,0,0,0,120,0
Fort Morgan,CO,22820,2009,132,105,27,0,0,0,0,80,58,46,0,0,132,0,0,0
Fort Payne,AL,22840,2009,105,79,26,0,0,0,0,79,60,35,0,0,0,0,105,0
Fort Smith,AR,22900,2009,349,275,74,0,0,0,0,93,59,39,0,1,216,0,84,48
Fort Smith,OK,22900,2009,349,275,74,0,0,0,0,93,59,39,0,1,216,0,84,48
Fort Wayne,IN,23060,2009,364,133,228,3,0,0,0,121,80,58,18,0,39,0,304,3
Frankfort,KY,23180,2009,122,84,38,0,0,0,0,73,60,41,0,0,0,0,122,0
Fresno,CA,23420,2009,365,109,140,80,36,0,0,200,150,77,0,7,225,0,133,0
Gadsden,AL,23460,2009,359,228,131,0,0,0,0,87,63,44,0,0,85,0,274,0
Gaffney,SC,23500,2009,352,339,13,0,0,0,0,67,45,33,0,0,352,0,0,0
Gainesville,FL,23540,2009,365,331,34,0,0,0,0,98,50,37,0,0,233,0,132,0
Gainesville,GA,23580,2009,326,183,143,0,0,0,0,92,65,48,0,0,0,0,326,0
Gallup,NM,23700,2009,273,265,8,0,0,0,0,92,30,15,0,0,0,0,0,273
Gardnerville Ranchos,NV,23820,2009,318,318,0,0,0,0,0,39,17,9,318,0,0,0,0,0
Georgetown,SC,23860,2009,365,351,14,0,0,0,0,63,41,23,0,0,0,0,0,365
Gettysburg,PA,23900,2009,358,219,138,1,0,0,0,115,70,45,0,0,89,0,269,0
Gillette,WY,23940,2009,365,218,146,1,0,0,0,101,67,47,0,2,203,51,4,105
Glenwood Springs,CO,24060,2009,365,202,157,5,1,0,0,151,74,50,0,0,361,0,0,4
Goldsboro,NC,24140,2009,359,262,97,0,0,0,0,81,60,38,0,0,0,0,359,0
Grand Island,NE,24260,2009,118,104,14,0,0,0,0,71,53,25,0,0,0,0,118,0
Grand Junction,CO,24300,2009,365,230,129,5,1,0,0,153,71,47,0,0,274,0,32,59
Grand Rapids-Wyoming,MI,24340,2009,365,278,83,4,0,0,0,140,70,40,5,0,227,1,132,0
Grants Pass,OR,24420,2009,365,269,92,4,0,0,0,148,63,28,0,0,0,0,365,0
Great Falls,MT,24500,2009,365,310,55,0,0,0,0,68,54,32,35,0,0,0,330,0
Greeley,CO,24540,2009,365,277,86,2,0,0,0,108,68,43,13,0,311,0,40,1
Green Bay,WI,24580,2009,365,218,132,15,0,0,0,140,83,44,0,0,132,54,179,0
Greensboro-High Point,NC,24660,2009,364,239,120,5,0,0,0,115,67,45,0,0,121,0,243,0
Greenville,NC,24780,2009,269,230,39,0,0,0,0,90,55,39,0,0,196,0,73,0
Greenville-Anderson-Mauldin,SC,24860,2009,365,190,174,1,0,0,0,112,71,49,0,3,149,0,213,0
Greenwood,SC,24940,2009,292,275,17,0,0,0,0,84,47,34,0,0,292,0,0,0
Grenada,MS,24980,2009,107,89,18,0,0,0,0,72,55,37,0,0,0,0,107,0
Guayama,PR,25020,2009,360,357,3,0,0,0,0,77,22,9,0,0,0,258,77,25
Gulfport-Biloxi-Pascagoula,MS,25060,2009,342,217,119,6,0,0,0,150,67,45,0,17,119,8,198,0
Hagerstown-Martinsburg,MD,25180,2009,270,187,83,0,0,0,0,100,68,44,0,0,171,0,99,0
Hagerstown-Martinsburg,WV,25180,2009,270,187,83,0,0,0,0,100,68,44,0,0,171,0,99,0
Hammond,LA,25220,2009,117,101,16,0,0,0,0,73,54,34,0,0,0,0,117,0
Hanford-Corcoran,CA,25260,2009,365,90,177,86,11,1,0,289,133,71,0,0,193,0,157,15
Harrisburg-Carlisle,PA,25420,2009,365,160,196,9,0,0,0,118,79,53,0,7,56,0,301,1
Harrison,AR,25460,2009,354,318,36,0,0,0,0,97,51,38,0,0,328,0,26,0
Harrisonburg,VA,25500,2009,365,316,48,1,0,0,0,109,52,35,0,110,177,3,75,0
Hartford-West Hartford-East Hartford,CT,25540,2009,365,289,70,6,0,0,0,140,66,35,13,40,142,0,170,0
Hattiesburg,MS,25620,2009,118,80,38,0,0,0,0,89,61,45,0,0,0,0,118,0
Helena,MT,25740,2009,358,306,49,3,0,0,0,143,55,26,0,0,0,0,358,0
Helena-West Helena,AR,25760,2009,116,89,27,0,0,0,0,77,57,38,0,0,0,0,116,0
Hermiston-Pendleton,OR,25840,2009,365,263,101,1,0,0,0,103,67,38,0,0,132,0,230,3
Hickory-Lenoir-Morganton,NC,25860,2009,365,224,141,0,0,0,0,93,65,45,0,0,94,0,271,0
Hilo,HI,25900,2009,365,0,14,80,249,20,2,451,200,200,0,0,0,365,0,0
Hobbs,NM,26020,2009,365,328,34,2,1,0,0,151,51,37,0,26,270,0,56,13
Holland,MI,26090,2009,243,174,64,4,1,0,0,166,75,43,0,0,177,0,66,0
Homosassa Springs,FL,26140,2009,124,117,7,0,0,0,0,71,45,30,0,0,0,0,124,0
Hot Springs,AR,26300,2009,121,83,38,0,0,0,0,74,59,39,0,0,0,0,121,0
Houghton,MI,26340,2009,104,101,3,0,0,0,0,59,35,10,0,0,0,0,104,0
Houma-Thibodaux,LA,26380,2009,365,291,72,2,0,0,0,112,58,40,0,0,221,0,144,0
Houston-The Woodlands-Sugar Land,TX,26420,2009,365,97,234,22,10,2,0,205,100,58,0,14,106,29,208,8
Huntington,IN,26540,2009,183,158,25,0,0,0,0,80,51,39,0,0,183,0,0,0
Huntington-Ashland,WV,26580,2009,365,207,152,6,0,0,0,114,74,47,0,10,125,38,192,0
Huntington-Ashland,KY,26580,2009,365,207,152,6,0,0,0,114,74,47,0,10,125,38,192,0
Huntington-Ashland,OH,26580,2009,365,207,152,6,0,0,0,114,74,47,0,10,125,38,192,0
Huntsville,AL,26620,2009,349,272,76,1,0,0,0,122,61,39,0,0,246,0,73,30
Idaho Falls,ID,26820,2009,364,338,26,0,0,0,0,64,50,42,0,0,362,0,2,0
Indiana,PA,26860,2009,363,306,51,6,0,0,0,126,61,35,0,0,180,183,0,0
Indianapolis-Carmel-Anderson,IN,26900,2009,365,98,241,25,1,0,0,151,93,59,0,0,77,52,235,1
Iowa City,IA,26980,2009,356,225,129,2,0,0,0,109,69,43,0,0,0,0,352,4
Iron Mountain,MI,27020,2009,173,167,6,0,0,0,0,80,47,36,0,0,173,0,0,0
Iron Mountain,WI,27020,2009,173,167,6,0,0,0,0,80,47,36,0,0,173,0,0,0
Jackson,MS,27140,2009,345,223,121,1,0,0,0,119,61,44,0,0,66,0,279,0
Jackson,TN,27180,2009,52,52,0,0,0,0,0,32,20,11,0,0,0,0,0,52
Jackson,WY,27220,2009,365,327,36,1,1,0,0,169,51,42,4,0,353,0,6,2
Jackson,ID,27220,2009,365,327,36,1,1,0,0,169,51,42,4,0,353,0,6,2
Jacksonville,FL,27260,2009,365,232,127,6,0,0,0,136,63,45,0,0,155,29,175,6
Jamestown-Dunkirk-Fredonia,NY,27460,2009,365,303,58,4,0,0,0,133,60,38,0,0,310,24,31,0
Janesville-Beloit,WI,27500,2009,192,163,29,0,0,0,0,93,54,37,0,0,192,0,0,0
Jasper,IN,27540,2009,358,229,86,40,3,0,0,178,105,30,0,0,0,275,83,0
Jefferson City,MO,27620,2009,213,194,19,0,0,0,0,77,50,38,0,0,213,0,0,0
Johnstown,PA,27780,2009,365,183,179,3,0,0,0,109,73,50,0,10,51,29,270,5
Joplin,MO,27900,2009,364,301,58,5,0,0,0,119,61,36,0,0,194,0,0,170
Juneau,AK,27940,2009,303,247,54,2,0,0,0,106,58,22,0,0,0,0,302,1
Kahului-Wailuku-Lahaina,HI,27980,2009,358,347,11,0,0,0,0,79,29,13,0,0,0,0,358,0
Kalamazoo-Portage,MI,28020,2009,243,168,70,5,0,0,0,126,74,44,0,0,170,0,73,0
Kalispell,MT,28060,2009,365,229,136,0,0,0,0,99,62,47,1,0,97,0,264,3
Kansas City,MO,28140,2009,365,135,179,48,3,0,0,183,110,57,0,4,102,107,150,2
Kansas City,KS,28140,2009,365,135,179,48,3,0,0,183,110,57,0,4,102,107,150,2
Keene,NH,28300,2009,360,250,108,2,0,0,0,102,71,38,0,0,136,0,224,0
Kennewick-Richland,WA,28420,2009,365,323,41,0,1,0,0,168,52,26,0,0,0,0,315,50
Killeen-Temple,TX,28660,2009,201,181,18,2,0,0,0,112,50,36,0,0,201,0,0,0
Kingsport-Bristol-Bristol,TN,28700,2009,365,198,122,45,0,0,0,144,104,48,1,33,138,159,34,0
Kingsport-Bristol-Bristol,VA,28700,2009,365,198,122,45,0,0,0,144,104,48,1,33,138,159,34,0
Kingston,NY,28740,2009,364,338,25,1,0,0,0,108,48,36,0,0,362,2,0,0
Kingsville,TX,28780,2009,322,219,103,0,0,0,0,90,62,40,0,0,0,0,322,0
Kinston,NC,28820,2009,281,237,44,0,0,0,0,90,55,38,0,0,201,0,80,0
Klamath Falls,OR,28900,2009,364,215,139,6,4,0,0,188,79,40,0,0,0,0,363,1
Knoxville,TN,28940,2009,365,213,130,21,1,0,0,152,86,46,0,0,258,41,58,8
Kokomo,IN,29020,2009,110,70,40,0,0,0,0,96,66,42,0,0,0,0,110,0
La Crosse-Onalaska,WI,29100,2009,317,264,51,2,0,0,0,121,58,36,0,0,251,0,66,0
La Crosse-Onalaska,MN,29100,2009,317,264,51,2,0,0,0,121,58,36,0,0,251,0,66,0
La Grande,OR,29260,2009,365,291,74,0,0,0,0,89,62,27,0,0,0,0,365,0
Laconia,NH,29060,2009,209,195,14,0,0,0,0,97,48,32,0,0,170,0,39,0
Lafayette,LA,29180,2009,365,293,69,3,0,0,0,147,59,40,0,0,278,0,87,0
Lafayette-West Lafayette,IN,29200,2009,326,200,126,0,0,0,0,96,67,46,0,0,110,0,216,0
Lake Charles,LA,29340,2009,365,252,102,9,2,0,0,177,70,44,0,3,173,9,180,0
Lake City,FL,29380,2009,365,272,93,0,0,0,0,93,58,43,0,0,139,0,226,0
Lake Havasu City-Kingman,AZ,29420,2009,111,99,12,0,0,0,0,72,51,20,0,0,0,0,65,46
Lakeland-Winter Haven,FL,29460,2009,365,293,71,1,0,0,0,105,58,40,0,0,211,0,150,4
Lancaster,PA,29540,2009,365,203,158,4,0,0,0,128,77,48,0,24,96,0,242,3
Lansing-East Lansing,MI,29620,2009,243,183,59,1,0,0,0,105,64,42,0,0,172,0,71,0
Laramie,WY,29660,2009,364,324,39,0,1,0,0,152,51,23,0,0,0,0,29,335
Laredo,TX,29700,2009,365,257,108,0,0,0,0,89,64,41,3,0,134,0,208,20
Las Cruces,NM,29740,2009,365,124,227,13,1,0,0,157,84,57,0,1,174,0,74,116
Las Vegas-Henderson-Paradise,NV,29820,2009,365,134,209,22,0,0,0,136,90,55,0,11,243,0,90,21
Laurel,MS,29860,2009,123,80,43,0,0,0,0,92,62,46,0,0,0,0,123,0
Lawrenceburg,TN,29980,2009,61,44,17,0,0,0,0,64,56,42,0,0,0,0,61,0
Lawton,OK,30020,2009,360,186,171,3,0,0,0,119,74,50,0,0,160,0,200,0
Lewiston,ID,30300,2009,365,304,61,0,0,0,0,96,56,31,0,0,0,0,365,0
Lewiston,WA,30300,2009,365,304,61,0,0,0,0,96,56,31,0,0,0,0,365,0
Lewiston-Auburn,ME,30340,2009,212,206,6,0,0,0,0,93,46,31,0,0,183,0,0,29
Lexington,NE,30420,2009,61,59,2,0,0,0,0,64,38,18,0,0,0,0,0,61
Lexington-Fayette,KY,30460,2009,365,224,139,2,0,0,0,105,67,45,0,19,117,30,199,0
Lima,OH,30620,2009,362,318,40,4,0,0,0,105,54,27,0,0,203,132,0,27
Lincoln,NE,30700,2009,365,341,22,0,1,1,0,228,44,26,103,0,180,0,82,0
Little Rock-North Little Rock-Conway,AR,30780,2009,365,199,162,4,0,0,0,150,70,48,0,1,123,1,240,0
Logan,UT,30860,2009,365,183,154,24,4,0,0,164,86,50,0,5,144,0,216,0
Logan,ID,30860,2009,365,183,154,24,4,0,0,164,86,50,0,5,144,0,216,0
Longview,TX,30980,2009,365,303,56,6,0,0,0,126,64,36,0,7,333,25,0,0
Longview,WA,31020,2009,348,323,25,0,0,0,0,70,44,20,0,0,0,0,348,0
Los Alamos,NM,31060,2009,109,108,1,0,0,0,0,64,20,11,0,0,0,0,109,0
Los Angeles-Long Beach-Anaheim,CA,31080,2009,365,33,209,74,45,4,0,218,156,80,0,30,171,0,158,6
Louisville/Jefferson County,KY,31140,2009,365,97,230,36,2,0,0,200,101,60,0,4,55,98,208,0
Louisville/Jefferson County,IN,31140,2009,365,97,230,36,2,0,0,200,101,60,0,4,55,98,208,0
Lubbock,TX,31180,2009,340,313,26,1,0,0,0,114,47,28,0,0,0,0,340,0
Ludington,MI,31220,2009,183,161,20,2,0,0,0,133,58,38,0,0,183,0,0,0
Lumberton,NC,31300,2009,117,88,29,0,0,0,0,68,57,36,0,0,0,0,117,0
Lynchburg,VA,31340,2009,122,102,20,0,0,0,0,71,54,33,0,0,0,0,122,0
Macon,GA,31420,2009,364,197,162,4,1,0,0,187,74,48,0,0,73,6,285,0
Madera,CA,31460,2009,365,262,77,23,3,0,0,177,90,40,0,52,313,0,0,0
Madison,WI,31540,2009,365,231,129,5,0,0,0,111,73,44,0,0,167,0,195,3
Malone,NY,31660,2009,365,357,5,3,0,0,0,147,42,21,0,97,196,62,0,10
Manchester-Nashua,NH,31700,2009,365,310,49,6,0,0,0,120,58,35,1,67,225,21,51,0
Manitowoc,WI,31820,2009,247,195,47,4,1,0,0,156,67,37,0,0,185,0,62,0
Marietta,OH,31930,2009,214,172,42,0,0,0,0,100,61,41,0,0,214,0,0,0
Marion,NC,32000,2009,364,258,106,0,0,0,0,78,58,38,0,0,0,0,364,0
Marshall,MN,32140,2009,355,254,100,1,0,0,0,122,64,41,0,0,131,0,224,0
Marshall,TX,32220,2009,365,279,84,2,0,0,0,112,61,39,0,1,188,0,176,0
Mason City,IA,32380,2009,365,341,24,0,0,0,0,72,46,23,0,0,0,0,0,365
McAlester,OK,32540,2009,365,212,152,1,0,0,0,104,68,46,0,0,149,0,216,0
McAllen-Edinburg-Mission,TX,32580,2009,365,234,131,0,0,0,0,87,67,45,0,0,127,0,238,0
Medford,OR,32780,2009,365,242,114,7,2,0,0,171,77,41,0,0,136,0,229,0
Memphis,TN,32820,2009,365,173,183,9,0,0,0,143,74,52,0,4,108,0,253,0
Memphis,MS,32820,2009,365,173,183,9,0,0,0,143,74,52,0,4,108,0,253,0
Memphis,AR,32820,2009,365,173,183,9,0,0,0,143,74,52,0,4,108,0,253,0
Merced,CA,32900,2009,361,188,124,49,0,0,0,145,105,49,0,19,266,0,75,1
Meridian,MS,32940,2009,345,235,110,0,0,0,0,80,59,42,0,0,63,0,282,0
Miami,OK,33060,2009,343,234,107,2,0,0,0,115,61,42,0,0,120,0,223,0
Miami-Fort Lauderdale-West Palm Beach,FL,33100,2009,365,231,130,4,0,0,0,119,69,45,0,2,132,15,214,2
Michigan City-La Porte,IN,33140,2009,364,295,66,3,0,0,0,133,61,33,0,0,166,122,76,0
Middlesborough,KY,33180,2009,264,216,48,0,0,0,0,93,61,42,0,0,228,0,36,0
Milwaukee-Waukesha-West Allis,WI,33340,2009,365,269,86,9,1,0,0,172,74,38,0,62,201,0,102,0
Minneapolis-St. Paul-Bloomington,MN,33460,2009,365,171,185,8,1,0,0,153,79,51,1,2,83,6,268,5
Minneapolis-St. Paul-Bloomington,WI,33460,2009,365,171,185,8,1,0,0,153,79,51,1,2,83,6,268,5
Minot,ND,33500,2009,29,29,0,0,0,0,0,24,17,7,0,11,0,18,0,0
Missoula,MT,33540,2009,364,272,73,17,2,0,0,153,74,33,4,0,0,0,346,14
Mobile,AL,33660,2009,358,305,49,4,0,0,0,133,58,35,0,0,208,0,73,77
Modesto,CA,33700,2009,365,142,156,55,12,0,0,192,119,58,0,1,194,0,169,1
Monroe,LA,33740,2009,363,327,36,0,0,0,0,97,50,33,0,0,289,3,71,0
Monroe,MI,33780,2009,120,75,44,1,0,0,0,103,66,39,0,0,0,0,120,0
Montgomery,AL,33860,2009,323,216,107,0,0,0,0,93,64,44,0,0,93,0,230,0
Morgantown,WV,34060,2009,364,216,133,12,3,0,0,200,74,45,0,0,64,53,247,0
Morristown,TN,34100,2009,239,190,47,2,0,0,0,140,67,40,0,0,239,0,0,0
Moscow,ID,34140,2009,322,317,5,0,0,0,0,64,30,14,0,0,0,0,322,0
Moses Lake,WA,34180,2009,362,346,16,0,0,0,0,59,40,24,0,0,0,0,362,0
Mount Vernon,IL,34500,2009,247,196,49,2,0,0,0,105,59,42,0,0,207,0,40,0
Mount Vernon,OH,34540,2009,212,184,28,0,0,0,0,100,54,39,0,0,212,0,0,0
Mount Vernon-Anacortes,WA,34580,2009,364,356,8,0,0,0,0,55,38,25,0,3,96,0,265,0
Muncie,IN,34620,2009,242,168,73,1,0,0,0,101,67,44,0,0,156,0,86,0
Muscatine,IA,34700,2009,365,201,158,5,1,0,0,161,76,46,0,0,0,0,365,0
Muskegon,MI,34740,2009,297,226,66,4,1,0,0,156,67,40,0,0,169,0,128,0
Muskogee,OK,34780,2009,365,299,66,0,0,0,0,93,58,35,0,0,152,18,79,116
Myrtle Beach-Conway-North Myrtle Beach,SC,34820,2009,147,143,4,0,0,0,0,55,37,22,0,0,0,0,0,147
Myrtle Beach-Conway-North Myrtle Beach,NC,34820,2009,147,143,4,0,0,0,0,55,37,22,0,0,0,0,0,147
Napa,CA,34900,2009,365,259,103,3,0,0,0,122,66,38,0,0,170,0,195,0
Naples-Immokalee-Marco Island,FL,34940,2009,365,317,48,0,0,0,0,90,52,34,0,0,102,0,263,0
Nashville-Davidson--Murfreesboro--Franklin,TN,34980,2009,365,206,156,3,0,0,0,140,71,47,0,10,116,0,239,0
Natchez,MS,35020,2009,283,235,48,0,0,0,0,93,57,39,0,0,201,0,82,0
Natchez,LA,35020,2009,283,235,48,0,0,0,0,93,57,39,0,0,201,0,82,0
New Castle,IN,35220,2009,118,75,43,0,0,0,0,91,63,41,0,0,0,0,118,0
New Castle,PA,35260,2009,365,324,35,6,0,0,0,110,52,31,1,0,166,80,0,118
New Haven-Milford,CT,35300,2009,365,254,106,5,0,0,0,129,71,41,0,27,176,2,160,0
New Orleans-Metairie,LA,35380,2009,365,121,146,67,31,0,0,200,139,59,0,3,111,144,107,0
New Philadelphia-Dover,OH,35420,2009,364,344,19,1,0,0,0,103,41,14,0,0,0,364,0,0
New York-Newark-Jersey City,NY,35620,2009,365,94,236,34,1,0,0,151,100,61,0,25,72,4,260,4
New York-Newark-Jersey City,NJ,35620,2009,365,94,236,34,1,0,0,151,100,61,0,25,72,4,260,4
New York-Newark-Jersey City,PA,35620,2009,365,94,236,34,1,0,0,151,100,61,0,25,72,4,260,4
Niles-Benton Harbor,MI,35660,2009,240,168,69,3,0,0,0,136,71,43,0,0,172,0,68,0
Nogales,AZ,35700,2009,346,198,146,1,1,0,0,183,75,46,0,0,0,0,25,321
North Port-Sarasota-Bradenton,FL,35840,2009,365,176,182,7,0,0,0,119,67,51,0,0,74,0,291,0
Norwich-New London,CT,35980,2009,356,270,80,6,0,0,0,143,67,38,0,0,139,0,217,0
Ocala,FL,36100,2009,365,297,68,0,0,0,0,90,55,40,0,0,193,0,172,0
Odessa,TX,36220,2009,365,331,34,0,0,0,0,78,50,31,0,0,0,0,365,0
Ogden-Clearfield,UT,36260,2009,365,153,189,21,2,0,0,153,93,53,1,50,160,0,148,6
Ogdensburg-Massena,NY,36300,2009,39,38,1,0,0,0,0,83,41,20,0,0,0,0,39,0
Oklahoma City,OK,36420,2009,365,191,158,16,0,0,0,122,77,49,0,19,184,0,161,1
Olympia-Tumwater,WA,36500,2009,364,302,60,2,0,0,0,121,61,31,0,0,143,0,221,0
Omaha-Council Bluffs,NE,36540,2009,365,221,139,5,0,0,0,129,70,47,0,0,102,19,184,60
Omaha-Council Bluffs,IA,36540,2009,365,221,139,5,0,0,0,129,70,47,0,0,102,19,184,60
Orlando-Kissimmee-Sanford,FL,36740,2009,365,264,98,3,0,0,0,119,64,44,0,0,186,0,178,1
Othello,WA,36830,2009,365,360,5,0,0,0,0,58,34,21,0,0,0,0,365,0
Ottawa-Peru,IL,36860,2009,365,257,108,0,0,0,0,85,62,38,0,0,0,0,348,17
Owensboro,KY,36980,2009,365,229,134,2,0,0,0,105,71,44,0,6,114,11,234,0
Oxford,NC,37080,2009,214,170,41,3,0,0,0,108,71,43,0,0,214,0,0,0
Oxnard-Thousand Oaks-Ventura,CA,37100,2009,365,201,124,34,6,0,0,174,105,49,0,11,312,0,40,2
Paducah,KY,37140,2009,364,262,100,2,0,0,0,129,65,42,0,20,147,11,186,0
Paducah,IL,37140,2009,364,262,100,2,0,0,0,129,65,42,0,20,147,11,186,0
Pahrump,NV,37220,2009,352,328,19,4,1,0,0,165,42,26,0,0,0,0,0,352
Palatka,FL,37260,2009,365,360,5,0,0,0,0,77,30,17,0,0,0,53,0,312
Palm Bay-Melbourne-Titusville,FL,37340,2009,365,300,65,0,0,0,0,100,55,40,0,0,231,2,132,0
Panama City,FL,37460,2009,365,295,69,1,0,0,0,143,57,40,0,0,208,0,157,0
Parkersburg-Vienna,WV,37620,2009,365,183,167,15,0,0,0,140,76,50,0,0,56,87,222,0
Payson,AZ,37740,2009,365,108,142,100,15,0,0,200,131,72,0,0,82,242,3,38
Pensacola-Ferry Pass-Brent,FL,37860,2009,365,231,126,8,0,0,0,150,71,45,0,0,146,31,188,0
Peoria,IL,37900,2009,365,168,144,43,10,0,0,200,110,53,0,0,90,91,184,0
Philadelphia-Camden-Wilmington,PA,37980,2009,365,84,257,22,2,0,0,154,93,60,0,8,83,2,265,7
Philadelphia-Camden-Wilmington,NJ,37980,2009,365,84,257,22,2,0,0,154,93,60,0,8,83,2,265,7
Philadelphia-Camden-Wilmington,DE,37980,2009,365,84,257,22,2,0,0,154,93,60,0,8,83,2,265,7
Philadelphia-Camden-Wilmington,MD,37980,2009,365,84,257,22,2,0,0,154,93,60,0,8,83,2,265,7
Phoenix-Mesa-Scottsdale,AZ,38060,2009,365,25,262,61,10,1,3,1341,119,79,0,23,93,0,15,234
Pittsburgh,PA,38300,2009,365,47,245,66,7,0,0,200,113,70,0,0,27,137,200,1
Pittsfield,MA,38340,2009,352,234,115,3,0,0,0,143,71,42,0,0,89,0,263,0
Platteville,WI,38420,2009,122,80,40,2,0,0,0,142,70,37,0,0,0,0,122,0
Pocatello,ID,38540,2009,363,278,81,4,0,0,0,141,60,33,0,0,0,142,116,105
Ponca City,OK,38620,2009,365,180,181,3,1,0,0,158,71,51,0,0,82,4,274,5
Ponce,PR,38660,2009,361,352,8,1,0,0,0,132,35,19,0,0,0,274,64,23
Port Angeles,WA,38820,2009,364,304,60,0,0,0,0,87,54,39,0,0,208,0,156,0
Port St. Lucie,FL,38940,2009,365,312,53,0,0,0,0,84,53,38,0,0,180,0,185,0
Portland-South Portland,ME,38860,2009,365,334,27,3,1,0,0,154,49,36,0,46,298,3,13,5
Portland-Vancouver-Hillsboro,OR,38900,2009,365,228,120,16,1,0,0,151,84,45,0,3,154,0,208,0
Portland-Vancouver-Hillsboro,WA,38900,2009,365,228,120,16,1,0,0,151,84,45,0,3,154,0,208,0
Portsmouth,OH,39020,2009,365,315,49,1,0,0,0,101,54,25,0,0,0,81,108,176
Prescott,AZ,39140,2009,264,225,39,0,0,0,0,87,54,43,0,0,210,0,51,3
Prineville,OR,39260,2009,365,279,81,5,0,0,0,131,67,27,0,0,0,0,365,0
Providence-Warwick,RI,39300,2009,365,241,118,6,0,0,0,126,70,42,0,15,126,38,184,2
Providence-Warwick,MA,39300,2009,365,241,118,6,0,0,0,126,70,42,0,15,126,38,184,2
Provo-Orem,UT,39340,2009,365,199,144,17,5,0,0,164,90,49,0,46,195,0,118,6
Pueblo,CO,39380,2009,201,150,51,0,0,0,0,90,66,44,0,0,110,0,57,34
Pullman,WA,39420,2009,365,354,11,0,0,0,0,68,38,23,0,0,0,0,365,0
Quincy,IL,39500,2009,363,336,27,0,0,0,0,80,48,33,0,0,336,0,27,0
Quincy,MO,39500,2009,363,336,27,0,0,0,0,80,48,33,0,0,336,0,27,0
Racine,WI,39540,2009,177,154,19,3,1,0,0,161,58,37,0,0,177,0,0,0
Raleigh,NC,39580,2009,365,215,147,3,0,0,0,112,69,47,0,0,140,1,224,0
Rapid City,SD,39660,2009,365,271,90,1,2,0,1,354,61,43,0,0,224,0,54,87
Reading,PA,39740,2009,365,227,131,7,0,0,0,140,75,43,0,15,115,11,224,0
Red Bluff,CA,39780,2009,264,171,62,31,0,0,0,136,105,43,0,0,242,0,0,22
Red Wing,MN,39860,2009,182,162,20,0,0,0,0,100,54,41,0,0,182,0,0,0
Redding,CA,39820,2009,365,275,82,8,0,0,0,122,77,44,0,0,353,0,12,0
Reno,NV,39900,2009,365,230,131,4,0,0,0,145,71,47,0,59,278,0,23,5
Richmond,IN,39980,2009,362,342,17,3,0,0,0,108,31,4,0,0,0,362,0,0
Richmond,VA,40060,2009,365,228,134,3,0,0,0,115,73,46,0,51,134,26,154,0
Richmond-Berea,KY,40080,2009,116,91,25,0,0,0,0,65,59,40,0,0,0,0,116,0
Riverside-San Bernardino-Ontario,CA,40140,2009,365,19,179,90,69,8,0,224,185,93,0,10,193,0,121,41
Riverton,WY,40180,2009,364,258,96,8,2,0,0,169,71,46,0,0,330,0,31,3
Roanoke,VA,40220,2009,365,260,105,0,0,0,0,93,63,42,0,12,113,0,237,3
Rochester,MN,40340,2009,365,250,111,4,0,0,0,127,67,42,0,0,107,0,248,10
Rochester,NY,40380,2009,365,299,64,1,1,0,0,161,56,37,0,0,219,9,137,0
Rock Springs,WY,40540,2009,365,280,83,1,1,0,0,163,60,44,0,3,301,0,8,53
Rockford,IL,40420,2009,365,315,49,1,0,0,0,102,54,33,7,0,307,0,51,0
Rockland,ME,40500,2009,183,169,11,3,0,0,0,150,48,35,0,0,183,0,0,0
Rocky Mount,NC,40580,2009,269,216,52,1,0,0,0,101,59,40,0,0,202,0,67,0
Rome,GA,40660,2009,360,178,180,2,0,0,0,119,68,51,0,0,0,6,353,1
Roseburg,OR,40700,2009,360,316,42,2,0,0,0,107,53,28,0,0,0,0,360,0
Roswell,NM,40740,2009,163,158,5,0,0,0,0,57,40,21,0,0,0,0,130,33
Ruidoso,NM,40760,2009,108,107,1,0,0,0,0,60,24,11,0,0,0,0,108,0
Russellville,AR,40780,2009,119,79,40,0,0,0,0,89,63,43,0,0,0,0,119,0
Rutland,VT,40860,2009,365,281,82,2,0,0,0,125,67,32,0,28,0,8,329,0
Sacramento--Roseville--Arden-Arcade,CA,40900,2009,365,120,176,46,23,0,0,197,133,63,0,3,230,0,131,1
Salem,OH,41400,2009,364,298,51,15,0,0,0,143,72,16,0,0,0,316,0,48
Salem,OR,41420,2009,361,285,75,1,0,0,0,140,65,33,0,0,140,0,221,0
Salinas,CA,41500,2009,365,355,9,1,0,0,0,140,43,33,0,11,339,0,9,6
Salisbury,MD,41540,2009,258,186,70,2,0,0,0,105,74,44,0,0,199,0,59,0
Salisbury,DE,41540,2009,258,186,70,2,0,0,0,105,74,44,0,0,199,0,59,0
Salt Lake City,UT,41620,2009,365,144,182,33,6,0,0,190,101,55,0,21,138,9,183,14
San Antonio-New Braunfels,TX,41700,2009,365,211,146,7,1,0,0,161,75,48,0,21,151,2,190,1
San Diego-Carlsbad,CA,41740,2009,365,59,257,44,5,0,0,179,108,67,0,38,187,0,132,8
San Francisco-Oakland-Hayward,CA,41860,2009,365,158,190,16,1,0,0,172,87,53,0,18,104,0,243,0
San Jose-Sunnyvale-Santa Clara,CA,41940,2009,365,212,139,14,0,0,0,140,81,46,0,6,244,0,115,0
San Juan-Carolina-Caguas,PR,41980,2009,365,339,24,0,2,0,0,180,44,28,16,0,143,35,54,117
San Luis Obispo-Paso Robles-Arroyo Grande,CA,42020,2009,365,171,165,29,0,0,0,141,97,52,0,0,278,0,74,13
Sandpoint,ID,41760,2009,356,352,4,0,0,0,0,89,28,12,0,0,0,0,0,356
Santa Cruz-Watsonville,CA,42100,2009,365,355,10,0,0,0,0,87,43,31,3,6,338,0,14,4
Santa Fe,NM,42140,2009,365,313,52,0,0,0,0,84,54,42,0,0,360,0,4,1
Santa Maria-Santa Barbara,CA,42200,2009,365,260,94,7,4,0,0,172,71,45,0,2,348,0,14,1
Santa Rosa,CA,42220,2009,365,316,49,0,0,0,0,87,54,33,0,21,260,0,84,0
Sault Ste. Marie,MI,42300,2009,81,34,45,2,0,0,0,143,90,56,0,0,0,0,81,0
Savannah,GA,42340,2009,365,210,153,2,0,0,0,115,69,46,0,0,70,75,220,0
Scottsbluff,NE,42420,2009,156,137,19,0,0,0,0,74,51,42,0,0,106,0,50,0
Scranton--Wilkes-Barre--Hazleton,PA,42540,2009,365,258,105,2,0,0,0,112,64,40,0,50,125,0,188,2
Searcy,AR,42620,2009,117,86,31,0,0,0,0,87,62,39,0,0,0,0,117,0
Seattle-Tacoma-Bellevue,WA,42660,2009,365,130,211,23,1,0,0,161,86,54,0,0,66,1,298,0
Sebring,FL,42700,2009,354,341,13,0,0,0,0,84,46,33,0,0,354,0,0,0
Seneca,SC,42860,2009,363,311,51,1,0,0,0,101,54,38,0,0,320,2,41,0
Sevierville,TN,42940,2009,365,239,121,5,0,0,0,112,74,47,0,0,365,0,0,0
Seymour,IN,42980,2009,183,160,22,1,0,0,0,119,58,40,0,0,183,0,0,0
Sheboygan,WI,43100,2009,195,167,24,3,1,0,0,174,61,37,0,0,195,0,0,0
Shelton,WA,43220,2009,360,317,43,0,0,0,0,89,53,22,0,0,0,0,360,0
Sheridan,WY,43260,2009,363,337,25,1,0,0,0,109,44,22,0,0,0,0,116,247
Show Low,AZ,43320,2009,365,279,86,0,0,0,0,97,61,44,0,0,354,0,5,6
Shreveport-Bossier City,LA,43340,2009,365,248,109,7,1,0,0,177,67,42,0,0,208,0,157,0
Sierra Vista-Douglas,AZ,43420,2009,363,266,96,1,0,0,0,129,62,45,0,0,332,0,19,12
Silver City,NM,43500,2009,365,355,10,0,0,0,0,87,48,40,0,0,329,19,16,1
Sioux City,IA,43580,2009,365,281,83,1,0,0,0,117,61,39,0,0,156,0,200,9
Sioux City,NE,43580,2009,365,281,83,1,0,0,0,117,61,39,0,0,156,0,200,9
Sioux City,SD,43580,2009,365,281,83,1,0,0,0,117,61,39,0,0,156,0,200,9
Sioux Falls,SD,43620,2009,365,273,91,1,0,0,0,122,63,39,0,6,165,0,192,2
Somerset,KY,43700,2009,245,223,22,0,0,0,0,84,50,37,0,0,245,0,0,0
Sonora,CA,43760,2009,361,256,86,19,0,0,0,129,90,42,0,0,361,0,0,0
South Bend-Mishawaka,IN,43780,2009,365,192,166,7,0,0,0,129,77,48,0,36,98,0,231,0
South Bend-Mishawaka,MI,43780,2009,365,192,166,7,0,0,0,129,77,48,0,36,98,0,231,0
Spartanburg,SC,43900,2009,364,218,145,1,0,0,0,101,64,46,0,0,147,0,217,0
Spokane-Spokane Valley,WA,44060,2009,365,228,137,0,0,0,0,90,66,45,1,0,120,0,224,20
Springfield,IL,44100,2009,365,315,50,0,0,0,0,80,55,32,6,0,271,5,83,0
Springfield,MA,44140,2009,365,222,130,13,0,0,0,133,75,45,0,4,155,1,205,0
Springfield,MO,44180,2009,365,254,102,9,0,0,0,117,71,43,0,48,163,110,44,0
Springfield,OH,44220,2009,365,275,82,8,0,0,0,119,67,38,0,0,174,102,89,0
St. Cloud,MN,41060,2009,365,300,63,2,0,0,0,110,61,36,4,0,149,0,212,0
St. George,UT,41100,2009,354,243,108,3,0,0,0,126,67,46,0,0,343,0,11,0
St. Joseph,MO,41140,2009,354,185,166,3,0,0,0,116,75,50,0,0,125,0,226,3
St. Joseph,KS,41140,2009,354,185,166,3,0,0,0,116,75,50,0,0,125,0,226,3
St. Louis,MO,41180,2009,365,58,207,82,18,0,0,200,128,69,0,3,53,135,164,10
St. Louis,IL,41180,2009,365,58,207,82,18,0,0,200,128,69,0,3,53,135,164,10
State College,PA,44300,2009,365,253,112,0,0,0,0,97,63,39,0,8,107,18,232,0
Steamboat Springs,CO,44460,2009,350,331,19,0,0,0,0,65,46,17,0,0,0,0,0,350
Sterling,CO,44540,2009,113,81,32,0,0,0,0,90,64,47,0,0,113,0,0,0
Stockton-Lodi,CA,44700,2009,365,244,97,23,1,0,0,177,92,44,0,39,246,0,74,6
Summerville,GA,44900,2009,262,233,29,0,0,0,0,100,51,35,0,0,238,0,0,24
Syracuse,NY,45060,2009,365,326,38,1,0,0,0,119,51,37,0,0,330,0,35,0
Tahlequah,OK,45140,2009,327,276,50,1,0,0,0,105,61,38,0,28,258,1,0,40
Talladega-Sylacauga,AL,45180,2009,97,66,31,0,0,0,0,80,66,41,0,0,0,0,97,0
Tallahassee,FL,45220,2009,365,215,147,2,1,0,0,157,66,46,0,0,89,0,276,0
Tampa-St. Petersburg-Clearwater,FL,45300,2009,365,186,161,18,0,0,0,128,80,50,0,1,144,39,181,0
Taos,NM,45340,2009,360,359,1,0,0,0,0,55,30,15,0,0,0,0,343,17
Terre Haute,IN,45460,2009,365,228,110,27,0,0,0,150,92,44,0,0,103,164,97,1
Texarkana,TX,45500,2009,57,38,19,0,0,0,0,71,63,38,0,0,0,0,57,0
Texarkana,AR,45500,2009,57,38,19,0,0,0,0,71,63,38,0,0,0,0,57,0
The Dalles,OR,45520,2009,365,318,47,0,0,0,0,81,53,23,0,0,0,0,365,0
Toledo,OH,45780,2009,365,243,115,6,1,0,0,154,74,44,0,0,180,0,103,82
Topeka,KS,45820,2009,365,306,58,1,0,0,0,101,58,37,0,0,273,0,46,46
Torrington,CT,45860,2009,365,324,38,3,0,0,0,112,51,34,0,28,294,2,41,0
Traverse City,MI,45900,2009,183,161,19,3,0,0,0,140,58,39,0,0,183,0,0,0
Trenton,NJ,45940,2009,365,262,98,5,0,0,0,108,67,40,0,11,177,0,177,0
Truckee-Grass Valley,CA,46020,2009,364,244,84,34,2,0,0,164,100,44,0,0,347,0,17,0
Tucson,AZ,46060,2009,365,220,143,1,1,0,0,158,71,48,0,13,276,0,13,63
Tulsa,OK,46140,2009,365,142,205,17,1,0,0,172,87,54,0,3,137,45,175,5
Tupelo,MS,46180,2009,345,247,98,0,0,0,0,87,61,42,0,0,98,0,247,0
Tuscaloosa,AL,46220,2009,306,230,75,1,0,0,0,120,60,40,0,0,107,0,199,0
Twin Falls,ID,46300,2009,358,330,27,1,0,0,0,124,48,27,0,0,0,0,358,0
Tyler,TX,46340,2009,364,297,62,5,0,0,0,143,61,38,0,7,357,0,0,0
Ukiah,CA,46380,2009,365,162,202,1,0,0,0,138,69,54,0,25,29,0,298,13
Urban Honolulu,HI,46520,2009,365,346,18,0,1,0,0,161,45,33,0,2,108,8,229,18
Utica-Rome,NY,46540,2009,365,275,89,1,0,0,0,105,61,39,0,0,250,0,115,0
Valdosta,GA,46660,2009,329,165,164,0,0,0,0,98,68,50,0,0,0,0,329,0
Vallejo-Fairfield,CA,46700,2009,365,239,117,9,0,0,0,150,78,40,0,5,195,0,165,0
Vernal,UT,46860,2009,254,177,75,1,1,0,0,190,67,47,0,0,242,0,12,0
Victoria,TX,47020,2009,351,324,25,2,0,0,0,119,48,31,0,0,351,0,0,0
Vincennes,IN,47180,2009,120,70,50,0,0,0,0,86,68,45,0,0,0,0,120,0
Vineland-Bridgeton,NJ,47220,2009,365,235,126,4,0,0,0,129,68,43,0,0,130,0,235,0
Vineyard Haven,MA,47240,2009,205,180,21,4,0,0,0,126,54,33,0,0,125,0,80,0
Virginia Beach-Norfolk-Newport News,VA,47260,2009,365,240,125,0,0,0,0,100,64,44,0,14,125,34,192,0
Virginia Beach-Norfolk-Newport News,NC,47260,2009,365,240,125,0,0,0,0,100,64,44,0,14,125,34,192,0
Visalia-Porterville,CA,47300,2009,365,85,147,83,50,0,0,187,154,84,0,3,226,0,134,2
Waco,TX,47380,2009,365,254,106,5,0,0,0,143,71,42,2,2,228,0,133,0
Walla Walla,WA,47460,2009,365,312,53,0,0,0,0,79,54,29,0,0,0,0,268,97
Walterboro,SC,47500,2009,347,327,20,0,0,0,0,80,48,35,0,0,347,0,0,0
Warner Robins,GA,47580,2009,308,146,161,1,0,0,0,111,68,52,0,0,0,0,308,0
Warren,PA,47620,2009,334,276,43,15,0,0,0,128,75,14,0,0,0,334,0,0
Washington,IN,47780,2009,353,289,37,27,0,0,0,145,79,9,0,0,0,353,0,0
Washington,NC,47820,2009,358,357,1,0,0,0,0,52,14,1,0,0,0,358,0,0
Washington-Arlington-Alexandria,DC,47900,2009,365,159,192,14,0,0,0,150,85,53,2,46,132,7,178,0
Washington-Arlington-Alexandria,VA,47900,2009,365,159,192,14,0,0,0,150,85,53,2,46,132,7,178,0
Washington-Arlington-Alexandria,MD,47900,2009,365,159,192,14,0,0,0,150,85,53,2,46,132,7,178,0
Washington-Arlington-Alexandria,WV,47900,2009,365,159,192,14,0,0,0,150,85,53,2,46,132,7,178,0
Waterloo-Cedar Falls,IA,47940,2009,344,215,126,3,0,0,0,120,68,45,0,0,100,0,242,2
Watertown,SD,47980,2009,363,328,34,1,0,0,0,107,48,21,0,0,0,0,106,257
Watertown-Fort Atkinson,WI,48020,2009,180,149,30,1,0,0,0,112,64,38,0,0,180,0,0,0
Watertown-Fort Drum,NY,48060,2009,324,299,22,2,1,0,0,154,48,34,0,0,324,0,0,0
Wausau,WI,48140,2009,217,200,17,0,0,0,0,87,49,37,0,0,217,0,0,0
Weirton-Steubenville,WV,48260,2009,365,103,173,83,6,0,0,200,111,70,0,0,40,289,36,0
Weirton-Steubenville,OH,48260,2009,365,103,173,83,6,0,0,200,111,70,0,0,40,289,36,0
Wenatchee,WA,48300,2009,365,270,95,0,0,0,0,92,63,27,0,0,0,0,365,0
Wheeling,WV,48540,2009,365,155,203,7,0,0,0,115,77,53,0,0,83,58,224,0
Wheeling,OH,48540,2009,365,155,203,7,0,0,0,115,77,53,0,0,83,58,224,0
Whitewater-Elkhorn,WI,48580,2009,201,160,39,2,0,0,0,119,64,39,0,0,201,0,0,0
Wichita Falls,TX,48660,2009,363,339,24,0,0,0,0,71,47,25,0,0,0,0,363,0
Wichita,KS,48620,2009,365,283,76,5,1,0,0,174,64,41,0,13,292,0,47,13
Williamsport,PA,48700,2009,236,219,17,0,0,0,0,97,48,33,0,0,210,0,0,26
Williston,ND,48780,2009,363,322,38,3,0,0,0,117,52,10,0,0,0,363,0,0
Wilmington,NC,48900,2009,365,232,118,15,0,0,0,120,77,43,0,0,75,131,159,0
Wilmington,OH,48940,2009,210,155,52,3,0,0,0,108,77,44,0,0,210,0,0,0
Winchester,VA,49020,2009,262,203,58,1,0,0,0,101,60,39,0,0,173,0,88,1
Winchester,WV,49020,2009,262,203,58,1,0,0,0,101,60,39,0,0,173,0,88,1
Winona,MN,49100,2009,113,99,14,0,0,0,0,90,60,22,0,0,0,0,113,0
Winston-Salem,NC,49180,2009,365,191,171,2,1,0,0,164,71,49,0,12,77,0,276,0
Worcester,MA,49340,2009,365,269,88,7,1,0,0,151,66,39,0,72,131,2,158,2
Worcester,CT,49340,2009,365,269,88,7,1,0,0,151,66,39,0,72,131,2,158,2
Yakima,WA,49420,2009,365,267,88,9,1,0,0,152,74,31,0,0,0,0,362,3
York-Hanover,PA,49620,2009,365,192,162,11,0,0,0,127,77,49,0,27,85,25,228,0
Youngstown-Warren-Boardman,OH,49660,2009,365,193,166,6,0,0,0,119,74,49,0,0,100,40,225,0
Youngstown-Warren-Boardman,PA,49660,2009,365,193,166,6,0,0,0,119,74,49,0,0,100,40,225,0
Yuba City,CA,49700,2009,365,200,153,12,0,0,0,125,84,48,0,11,152,0,202,0
Yuma,AZ,49740,2009,363,252,102,8,1,0,0,176,69,43,0,0,139,0,24,200
